Linked: (/root/ws_moveit/devel/.private/moveit_msgs/include/moveit_msgs/ApplyPlanningSceneRequest.h, /root/ws_moveit/devel/include/moveit_msgs/ApplyPlanningSceneRequest.h)
Linked: (/root/ws_moveit/devel/.private/moveit_msgs/include/moveit_msgs/SaveRobotStateToWarehouseRequest.h, /root/ws_moveit/devel/include/moveit_msgs/SaveRobotStateToWarehouseRequest.h)
Linked: (/root/ws_moveit/devel/.private/moveit_msgs/include/moveit_msgs/PickupGoal.h, /root/ws_moveit/devel/include/moveit_msgs/PickupGoal.h)
Linked: (/root/ws_moveit/devel/.private/moveit_msgs/include/moveit_msgs/GetStateValidity.h, /root/ws_moveit/devel/include/moveit_msgs/GetStateValidity.h)
Linked: (/root/ws_moveit/devel/.private/moveit_msgs/include/moveit_msgs/SaveRobotStateToWarehouse.h, /root/ws_moveit/devel/include/moveit_msgs/SaveRobotStateToWarehouse.h)
Linked: (/root/ws_moveit/devel/.private/moveit_msgs/include/moveit_msgs/CollisionObject.h, /root/ws_moveit/devel/include/moveit_msgs/CollisionObject.h)
Linked: (/root/ws_moveit/devel/.private/moveit_msgs/include/moveit_msgs/GetPositionIKResponse.h, /root/ws_moveit/devel/include/moveit_msgs/GetPositionIKResponse.h)
Linked: (/root/ws_moveit/devel/.private/moveit_msgs/include/moveit_msgs/MoveGroupActionFeedback.h, /root/ws_moveit/devel/include/moveit_msgs/MoveGroupActionFeedback.h)
Linked: (/root/ws_moveit/devel/.private/moveit_msgs/include/moveit_msgs/MoveGroupSequenceActionGoal.h, /root/ws_moveit/devel/include/moveit_msgs/MoveGroupSequenceActionGoal.h)
Linked: (/root/ws_moveit/devel/.private/moveit_msgs/include/moveit_msgs/GetPlanningSceneRequest.h, /root/ws_moveit/devel/include/moveit_msgs/GetPlanningSceneRequest.h)
Linked: (/root/ws_moveit/devel/.private/moveit_msgs/include/moveit_msgs/ExecuteTrajectoryActionGoal.h, /root/ws_moveit/devel/include/moveit_msgs/ExecuteTrajectoryActionGoal.h)
Linked: (/root/ws_moveit/devel/.private/moveit_msgs/include/moveit_msgs/PositionConstraint.h, /root/ws_moveit/devel/include/moveit_msgs/PositionConstraint.h)
Linked: (/root/ws_moveit/devel/.private/moveit_msgs/include/moveit_msgs/GetMotionSequenceResponse.h, /root/ws_moveit/devel/include/moveit_msgs/GetMotionSequenceResponse.h)
Linked: (/root/ws_moveit/devel/.private/moveit_msgs/include/moveit_msgs/ExecuteKnownTrajectory.h, /root/ws_moveit/devel/include/moveit_msgs/ExecuteKnownTrajectory.h)
Linked: (/root/ws_moveit/devel/.private/moveit_msgs/include/moveit_msgs/CostSource.h, /root/ws_moveit/devel/include/moveit_msgs/CostSource.h)
Linked: (/root/ws_moveit/devel/.private/moveit_msgs/include/moveit_msgs/ExecuteTrajectoryAction.h, /root/ws_moveit/devel/include/moveit_msgs/ExecuteTrajectoryAction.h)
Linked: (/root/ws_moveit/devel/.private/moveit_msgs/include/moveit_msgs/KinematicSolverInfo.h, /root/ws_moveit/devel/include/moveit_msgs/KinematicSolverInfo.h)
Linked: (/root/ws_moveit/devel/.private/moveit_msgs/include/moveit_msgs/RenameRobotStateInWarehouse.h, /root/ws_moveit/devel/include/moveit_msgs/RenameRobotStateInWarehouse.h)
Linked: (/root/ws_moveit/devel/.private/moveit_msgs/include/moveit_msgs/LinkPadding.h, /root/ws_moveit/devel/include/moveit_msgs/LinkPadding.h)
Linked: (/root/ws_moveit/devel/.private/moveit_msgs/include/moveit_msgs/MotionSequenceItem.h, /root/ws_moveit/devel/include/moveit_msgs/MotionSequenceItem.h)
Linked: (/root/ws_moveit/devel/.private/moveit_msgs/include/moveit_msgs/PlaceAction.h, /root/ws_moveit/devel/include/moveit_msgs/PlaceAction.h)
Linked: (/root/ws_moveit/devel/.private/moveit_msgs/include/moveit_msgs/GetMotionSequenceRequest.h, /root/ws_moveit/devel/include/moveit_msgs/GetMotionSequenceRequest.h)
Linked: (/root/ws_moveit/devel/.private/moveit_msgs/include/moveit_msgs/CartesianTrajectoryPoint.h, /root/ws_moveit/devel/include/moveit_msgs/CartesianTrajectoryPoint.h)
Linked: (/root/ws_moveit/devel/.private/moveit_msgs/include/moveit_msgs/Grasp.h, /root/ws_moveit/devel/include/moveit_msgs/Grasp.h)
Linked: (/root/ws_moveit/devel/.private/moveit_msgs/include/moveit_msgs/GetRobotStateFromWarehouse.h, /root/ws_moveit/devel/include/moveit_msgs/GetRobotStateFromWarehouse.h)
Linked: (/root/ws_moveit/devel/.private/moveit_msgs/include/moveit_msgs/GetPositionIKRequest.h, /root/ws_moveit/devel/include/moveit_msgs/GetPositionIKRequest.h)
Linked: (/root/ws_moveit/devel/.private/moveit_msgs/include/moveit_msgs/MoveGroupSequenceActionResult.h, /root/ws_moveit/devel/include/moveit_msgs/MoveGroupSequenceActionResult.h)
Linked: (/root/ws_moveit/devel/.private/moveit_msgs/include/moveit_msgs/TrajectoryConstraints.h, /root/ws_moveit/devel/include/moveit_msgs/TrajectoryConstraints.h)
Linked: (/root/ws_moveit/devel/.private/moveit_msgs/include/moveit_msgs/DisplayTrajectory.h, /root/ws_moveit/devel/include/moveit_msgs/DisplayTrajectory.h)
Linked: (/root/ws_moveit/devel/.private/moveit_msgs/include/moveit_msgs/PlanningOptions.h, /root/ws_moveit/devel/include/moveit_msgs/PlanningOptions.h)
Linked: (/root/ws_moveit/devel/.private/moveit_msgs/include/moveit_msgs/MoveGroupActionResult.h, /root/ws_moveit/devel/include/moveit_msgs/MoveGroupActionResult.h)
Linked: (/root/ws_moveit/devel/.private/moveit_msgs/include/moveit_msgs/AttachedCollisionObject.h, /root/ws_moveit/devel/include/moveit_msgs/AttachedCollisionObject.h)
Linked: (/root/ws_moveit/devel/.private/moveit_msgs/include/moveit_msgs/LinkScale.h, /root/ws_moveit/devel/include/moveit_msgs/LinkScale.h)
Linked: (/root/ws_moveit/devel/.private/moveit_msgs/include/moveit_msgs/AllowedCollisionEntry.h, /root/ws_moveit/devel/include/moveit_msgs/AllowedCollisionEntry.h)
Linked: (/root/ws_moveit/devel/.private/moveit_msgs/include/moveit_msgs/GetPositionFK.h, /root/ws_moveit/devel/include/moveit_msgs/GetPositionFK.h)
Linked: (/root/ws_moveit/devel/.private/moveit_msgs/include/moveit_msgs/MoveGroupSequenceFeedback.h, /root/ws_moveit/devel/include/moveit_msgs/MoveGroupSequenceFeedback.h)
Linked: (/root/ws_moveit/devel/.private/moveit_msgs/include/moveit_msgs/GetStateValidityRequest.h, /root/ws_moveit/devel/include/moveit_msgs/GetStateValidityRequest.h)
Linked: (/root/ws_moveit/devel/.private/moveit_msgs/include/moveit_msgs/ChangeControlDimensionsResponse.h, /root/ws_moveit/devel/include/moveit_msgs/ChangeControlDimensionsResponse.h)
Linked: (/root/ws_moveit/devel/.private/moveit_msgs/include/moveit_msgs/GetCartesianPathRequest.h, /root/ws_moveit/devel/include/moveit_msgs/GetCartesianPathRequest.h)
Linked: (/root/ws_moveit/devel/.private/moveit_msgs/include/moveit_msgs/RobotTrajectory.h, /root/ws_moveit/devel/include/moveit_msgs/RobotTrajectory.h)
Linked: (/root/ws_moveit/devel/.private/moveit_msgs/include/moveit_msgs/Constraints.h, /root/ws_moveit/devel/include/moveit_msgs/Constraints.h)
Linked: (/root/ws_moveit/devel/.private/moveit_msgs/include/moveit_msgs/CartesianPoint.h, /root/ws_moveit/devel/include/moveit_msgs/CartesianPoint.h)
Linked: (/root/ws_moveit/devel/.private/moveit_msgs/include/moveit_msgs/MotionPlanResponse.h, /root/ws_moveit/devel/include/moveit_msgs/MotionPlanResponse.h)
Linked: (/root/ws_moveit/devel/.private/moveit_msgs/include/moveit_msgs/ChangeDriftDimensions.h, /root/ws_moveit/devel/include/moveit_msgs/ChangeDriftDimensions.h)
Linked: (/root/ws_moveit/devel/.private/moveit_msgs/include/moveit_msgs/CartesianTrajectory.h, /root/ws_moveit/devel/include/moveit_msgs/CartesianTrajectory.h)
Linked: (/root/ws_moveit/devel/.private/moveit_msgs/include/moveit_msgs/OrientedBoundingBox.h, /root/ws_moveit/devel/include/moveit_msgs/OrientedBoundingBox.h)
Linked: (/root/ws_moveit/devel/.private/moveit_msgs/include/moveit_msgs/ChangeDriftDimensionsRequest.h, /root/ws_moveit/devel/include/moveit_msgs/ChangeDriftDimensionsRequest.h)
Linked: (/root/ws_moveit/devel/.private/moveit_msgs/include/moveit_msgs/SetPlannerParams.h, /root/ws_moveit/devel/include/moveit_msgs/SetPlannerParams.h)
Linked: (/root/ws_moveit/devel/.private/moveit_msgs/include/moveit_msgs/MoveGroupResult.h, /root/ws_moveit/devel/include/moveit_msgs/MoveGroupResult.h)
Linked: (/root/ws_moveit/devel/.private/moveit_msgs/include/moveit_msgs/ExecuteTrajectoryActionResult.h, /root/ws_moveit/devel/include/moveit_msgs/ExecuteTrajectoryActionResult.h)
Linked: (/root/ws_moveit/devel/.private/moveit_msgs/include/moveit_msgs/PlanningScene.h, /root/ws_moveit/devel/include/moveit_msgs/PlanningScene.h)
Linked: (/root/ws_moveit/devel/.private/moveit_msgs/include/moveit_msgs/OrientationConstraint.h, /root/ws_moveit/devel/include/moveit_msgs/OrientationConstraint.h)
Linked: (/root/ws_moveit/devel/.private/moveit_msgs/include/moveit_msgs/GraspPlanningResponse.h, /root/ws_moveit/devel/include/moveit_msgs/GraspPlanningResponse.h)
Linked: (/root/ws_moveit/devel/.private/moveit_msgs/include/moveit_msgs/VisibilityConstraint.h, /root/ws_moveit/devel/include/moveit_msgs/VisibilityConstraint.h)
Linked: (/root/ws_moveit/devel/.private/moveit_msgs/include/moveit_msgs/ExecuteTrajectoryActionFeedback.h, /root/ws_moveit/devel/include/moveit_msgs/ExecuteTrajectoryActionFeedback.h)
Linked: (/root/ws_moveit/devel/.private/moveit_msgs/include/moveit_msgs/SaveMap.h, /root/ws_moveit/devel/include/moveit_msgs/SaveMap.h)
Linked: (/root/ws_moveit/devel/.private/moveit_msgs/include/moveit_msgs/MoveItErrorCodes.h, /root/ws_moveit/devel/include/moveit_msgs/MoveItErrorCodes.h)
Linked: (/root/ws_moveit/devel/.private/moveit_msgs/include/moveit_msgs/PickupActionFeedback.h, /root/ws_moveit/devel/include/moveit_msgs/PickupActionFeedback.h)
Linked: (/root/ws_moveit/devel/.private/moveit_msgs/include/moveit_msgs/AllowedCollisionMatrix.h, /root/ws_moveit/devel/include/moveit_msgs/AllowedCollisionMatrix.h)
Linked: (/root/ws_moveit/devel/.private/moveit_msgs/include/moveit_msgs/ApplyPlanningScene.h, /root/ws_moveit/devel/include/moveit_msgs/ApplyPlanningScene.h)
Linked: (/root/ws_moveit/devel/.private/moveit_msgs/include/moveit_msgs/MotionPlanDetailedResponse.h, /root/ws_moveit/devel/include/moveit_msgs/MotionPlanDetailedResponse.h)
Linked: (/root/ws_moveit/devel/.private/moveit_msgs/include/moveit_msgs/MoveGroupActionGoal.h, /root/ws_moveit/devel/include/moveit_msgs/MoveGroupActionGoal.h)
Linked: (/root/ws_moveit/devel/.private/moveit_msgs/include/moveit_msgs/ConstraintEvalResult.h, /root/ws_moveit/devel/include/moveit_msgs/ConstraintEvalResult.h)
Linked: (/root/ws_moveit/devel/.private/moveit_msgs/include/moveit_msgs/ObjectColor.h, /root/ws_moveit/devel/include/moveit_msgs/ObjectColor.h)
Linked: (/root/ws_moveit/devel/.private/moveit_msgs/include/moveit_msgs/SaveMapResponse.h, /root/ws_moveit/devel/include/moveit_msgs/SaveMapResponse.h)
Linked: (/root/ws_moveit/devel/.private/moveit_msgs/include/moveit_msgs/SetPlannerParamsResponse.h, /root/ws_moveit/devel/include/moveit_msgs/SetPlannerParamsResponse.h)
Linked: (/root/ws_moveit/devel/.private/moveit_msgs/include/moveit_msgs/QueryPlannerInterfacesResponse.h, /root/ws_moveit/devel/include/moveit_msgs/QueryPlannerInterfacesResponse.h)
Linked: (/root/ws_moveit/devel/.private/moveit_msgs/include/moveit_msgs/LoadMapRequest.h, /root/ws_moveit/devel/include/moveit_msgs/LoadMapRequest.h)
Linked: (/root/ws_moveit/devel/.private/moveit_msgs/include/moveit_msgs/PlannerParams.h, /root/ws_moveit/devel/include/moveit_msgs/PlannerParams.h)
Linked: (/root/ws_moveit/devel/.private/moveit_msgs/include/moveit_msgs/PickupActionResult.h, /root/ws_moveit/devel/include/moveit_msgs/PickupActionResult.h)
Linked: (/root/ws_moveit/devel/.private/moveit_msgs/include/moveit_msgs/GraspPlanning.h, /root/ws_moveit/devel/include/moveit_msgs/GraspPlanning.h)
Linked: (/root/ws_moveit/devel/.private/moveit_msgs/include/moveit_msgs/GetPlanningScene.h, /root/ws_moveit/devel/include/moveit_msgs/GetPlanningScene.h)
Linked: (/root/ws_moveit/devel/.private/moveit_msgs/include/moveit_msgs/ApplyPlanningSceneResponse.h, /root/ws_moveit/devel/include/moveit_msgs/ApplyPlanningSceneResponse.h)
Linked: (/root/ws_moveit/devel/.private/moveit_msgs/include/moveit_msgs/GetPositionFKResponse.h, /root/ws_moveit/devel/include/moveit_msgs/GetPositionFKResponse.h)
Linked: (/root/ws_moveit/devel/.private/moveit_msgs/include/moveit_msgs/GetCartesianPath.h, /root/ws_moveit/devel/include/moveit_msgs/GetCartesianPath.h)
Linked: (/root/ws_moveit/devel/.private/moveit_msgs/include/moveit_msgs/ExecuteTrajectoryResult.h, /root/ws_moveit/devel/include/moveit_msgs/ExecuteTrajectoryResult.h)
Linked: (/root/ws_moveit/devel/.private/moveit_msgs/include/moveit_msgs/DeleteRobotStateFromWarehouseResponse.h, /root/ws_moveit/devel/include/moveit_msgs/DeleteRobotStateFromWarehouseResponse.h)
Linked: (/root/ws_moveit/devel/.private/moveit_msgs/include/moveit_msgs/PlaceActionFeedback.h, /root/ws_moveit/devel/include/moveit_msgs/PlaceActionFeedback.h)
Linked: (/root/ws_moveit/devel/.private/moveit_msgs/include/moveit_msgs/PlaceActionResult.h, /root/ws_moveit/devel/include/moveit_msgs/PlaceActionResult.h)
Linked: (/root/ws_moveit/devel/.private/moveit_msgs/include/moveit_msgs/GetPositionFKRequest.h, /root/ws_moveit/devel/include/moveit_msgs/GetPositionFKRequest.h)
Linked: (/root/ws_moveit/devel/.private/moveit_msgs/include/moveit_msgs/UpdatePointcloudOctomap.h, /root/ws_moveit/devel/include/moveit_msgs/UpdatePointcloudOctomap.h)
Linked: (/root/ws_moveit/devel/.private/moveit_msgs/include/moveit_msgs/GetMotionPlanRequest.h, /root/ws_moveit/devel/include/moveit_msgs/GetMotionPlanRequest.h)
Linked: (/root/ws_moveit/devel/.private/moveit_msgs/include/moveit_msgs/ExecuteTrajectoryFeedback.h, /root/ws_moveit/devel/include/moveit_msgs/ExecuteTrajectoryFeedback.h)
Linked: (/root/ws_moveit/devel/.private/moveit_msgs/include/moveit_msgs/GetPlannerParamsRequest.h, /root/ws_moveit/devel/include/moveit_msgs/GetPlannerParamsRequest.h)
Linked: (/root/ws_moveit/devel/.private/moveit_msgs/include/moveit_msgs/ListRobotStatesInWarehouse.h, /root/ws_moveit/devel/include/moveit_msgs/ListRobotStatesInWarehouse.h)
Linked: (/root/ws_moveit/devel/.private/moveit_msgs/include/moveit_msgs/PickupActionGoal.h, /root/ws_moveit/devel/include/moveit_msgs/PickupActionGoal.h)
Linked: (/root/ws_moveit/devel/.private/moveit_msgs/include/moveit_msgs/GenericTrajectory.h, /root/ws_moveit/devel/include/moveit_msgs/GenericTrajectory.h)
Linked: (/root/ws_moveit/devel/.private/moveit_msgs/include/moveit_msgs/ChangeDriftDimensionsResponse.h, /root/ws_moveit/devel/include/moveit_msgs/ChangeDriftDimensionsResponse.h)
Linked: (/root/ws_moveit/devel/.private/moveit_msgs/include/moveit_msgs/DeleteRobotStateFromWarehouse.h, /root/ws_moveit/devel/include/moveit_msgs/DeleteRobotStateFromWarehouse.h)
Linked: (/root/ws_moveit/devel/.private/moveit_msgs/include/moveit_msgs/ExecuteKnownTrajectoryRequest.h, /root/ws_moveit/devel/include/moveit_msgs/ExecuteKnownTrajectoryRequest.h)
Linked: (/root/ws_moveit/devel/.private/moveit_msgs/include/moveit_msgs/ChangeControlDimensions.h, /root/ws_moveit/devel/include/moveit_msgs/ChangeControlDimensions.h)
Linked: (/root/ws_moveit/devel/.private/moveit_msgs/include/moveit_msgs/CheckIfRobotStateExistsInWarehouseResponse.h, /root/ws_moveit/devel/include/moveit_msgs/CheckIfRobotStateExistsInWarehouseResponse.h)
Linked: (/root/ws_moveit/devel/.private/moveit_msgs/include/moveit_msgs/SaveRobotStateToWarehouseResponse.h, /root/ws_moveit/devel/include/moveit_msgs/SaveRobotStateToWarehouseResponse.h)
Linked: (/root/ws_moveit/devel/.private/moveit_msgs/include/moveit_msgs/LoadMap.h, /root/ws_moveit/devel/include/moveit_msgs/LoadMap.h)
Linked: (/root/ws_moveit/devel/.private/moveit_msgs/include/moveit_msgs/QueryPlannerInterfaces.h, /root/ws_moveit/devel/include/moveit_msgs/QueryPlannerInterfaces.h)
Linked: (/root/ws_moveit/devel/.private/moveit_msgs/include/moveit_msgs/GetMotionPlan.h, /root/ws_moveit/devel/include/moveit_msgs/GetMotionPlan.h)
Linked: (/root/ws_moveit/devel/.private/moveit_msgs/include/moveit_msgs/MoveGroupSequenceResult.h, /root/ws_moveit/devel/include/moveit_msgs/MoveGroupSequenceResult.h)
Linked: (/root/ws_moveit/devel/.private/moveit_msgs/include/moveit_msgs/GetPlannerParams.h, /root/ws_moveit/devel/include/moveit_msgs/GetPlannerParams.h)
Linked: (/root/ws_moveit/devel/.private/moveit_msgs/include/moveit_msgs/SaveMapRequest.h, /root/ws_moveit/devel/include/moveit_msgs/SaveMapRequest.h)
Linked: (/root/ws_moveit/devel/.private/moveit_msgs/include/moveit_msgs/MoveGroupAction.h, /root/ws_moveit/devel/include/moveit_msgs/MoveGroupAction.h)
Linked: (/root/ws_moveit/devel/.private/moveit_msgs/include/moveit_msgs/GetCartesianPathResponse.h, /root/ws_moveit/devel/include/moveit_msgs/GetCartesianPathResponse.h)
Linked: (/root/ws_moveit/devel/.private/moveit_msgs/include/moveit_msgs/GetRobotStateFromWarehouseResponse.h, /root/ws_moveit/devel/include/moveit_msgs/GetRobotStateFromWarehouseResponse.h)
Linked: (/root/ws_moveit/devel/.private/moveit_msgs/include/moveit_msgs/DeleteRobotStateFromWarehouseRequest.h, /root/ws_moveit/devel/include/moveit_msgs/DeleteRobotStateFromWarehouseRequest.h)
Linked: (/root/ws_moveit/devel/.private/moveit_msgs/include/moveit_msgs/GetMotionPlanResponse.h, /root/ws_moveit/devel/include/moveit_msgs/GetMotionPlanResponse.h)
Linked: (/root/ws_moveit/devel/.private/moveit_msgs/include/moveit_msgs/QueryPlannerInterfacesRequest.h, /root/ws_moveit/devel/include/moveit_msgs/QueryPlannerInterfacesRequest.h)
Linked: (/root/ws_moveit/devel/.private/moveit_msgs/include/moveit_msgs/RobotState.h, /root/ws_moveit/devel/include/moveit_msgs/RobotState.h)
Linked: (/root/ws_moveit/devel/.private/moveit_msgs/include/moveit_msgs/MotionSequenceResponse.h, /root/ws_moveit/devel/include/moveit_msgs/MotionSequenceResponse.h)
Linked: (/root/ws_moveit/devel/.private/moveit_msgs/include/moveit_msgs/ExecuteKnownTrajectoryResponse.h, /root/ws_moveit/devel/include/moveit_msgs/ExecuteKnownTrajectoryResponse.h)
Linked: (/root/ws_moveit/devel/.private/moveit_msgs/include/moveit_msgs/ContactInformation.h, /root/ws_moveit/devel/include/moveit_msgs/ContactInformation.h)
Linked: (/root/ws_moveit/devel/.private/moveit_msgs/include/moveit_msgs/MoveGroupSequenceAction.h, /root/ws_moveit/devel/include/moveit_msgs/MoveGroupSequenceAction.h)
Linked: (/root/ws_moveit/devel/.private/moveit_msgs/include/moveit_msgs/PickupResult.h, /root/ws_moveit/devel/include/moveit_msgs/PickupResult.h)
Linked: (/root/ws_moveit/devel/.private/moveit_msgs/include/moveit_msgs/ExecuteTrajectoryGoal.h, /root/ws_moveit/devel/include/moveit_msgs/ExecuteTrajectoryGoal.h)
Linked: (/root/ws_moveit/devel/.private/moveit_msgs/include/moveit_msgs/PickupAction.h, /root/ws_moveit/devel/include/moveit_msgs/PickupAction.h)
Linked: (/root/ws_moveit/devel/.private/moveit_msgs/include/moveit_msgs/JointConstraint.h, /root/ws_moveit/devel/include/moveit_msgs/JointConstraint.h)
Linked: (/root/ws_moveit/devel/.private/moveit_msgs/include/moveit_msgs/UpdatePointcloudOctomapResponse.h, /root/ws_moveit/devel/include/moveit_msgs/UpdatePointcloudOctomapResponse.h)
Linked: (/root/ws_moveit/devel/.private/moveit_msgs/include/moveit_msgs/PlaceGoal.h, /root/ws_moveit/devel/include/moveit_msgs/PlaceGoal.h)
Linked: (/root/ws_moveit/devel/.private/moveit_msgs/include/moveit_msgs/CheckIfRobotStateExistsInWarehouseRequest.h, /root/ws_moveit/devel/include/moveit_msgs/CheckIfRobotStateExistsInWarehouseRequest.h)
Linked: (/root/ws_moveit/devel/.private/moveit_msgs/include/moveit_msgs/PickupFeedback.h, /root/ws_moveit/devel/include/moveit_msgs/PickupFeedback.h)
Linked: (/root/ws_moveit/devel/.private/moveit_msgs/include/moveit_msgs/GetStateValidityResponse.h, /root/ws_moveit/devel/include/moveit_msgs/GetStateValidityResponse.h)
Linked: (/root/ws_moveit/devel/.private/moveit_msgs/include/moveit_msgs/LoadMapResponse.h, /root/ws_moveit/devel/include/moveit_msgs/LoadMapResponse.h)
Linked: (/root/ws_moveit/devel/.private/moveit_msgs/include/moveit_msgs/PlaceActionGoal.h, /root/ws_moveit/devel/include/moveit_msgs/PlaceActionGoal.h)
Linked: (/root/ws_moveit/devel/.private/moveit_msgs/include/moveit_msgs/ChangeControlDimensionsRequest.h, /root/ws_moveit/devel/include/moveit_msgs/ChangeControlDimensionsRequest.h)
Linked: (/root/ws_moveit/devel/.private/moveit_msgs/include/moveit_msgs/MoveGroupSequenceActionFeedback.h, /root/ws_moveit/devel/include/moveit_msgs/MoveGroupSequenceActionFeedback.h)
Linked: (/root/ws_moveit/devel/.private/moveit_msgs/include/moveit_msgs/PlaceLocation.h, /root/ws_moveit/devel/include/moveit_msgs/PlaceLocation.h)
Linked: (/root/ws_moveit/devel/.private/moveit_msgs/include/moveit_msgs/CheckIfRobotStateExistsInWarehouse.h, /root/ws_moveit/devel/include/moveit_msgs/CheckIfRobotStateExistsInWarehouse.h)
Linked: (/root/ws_moveit/devel/.private/moveit_msgs/include/moveit_msgs/PositionIKRequest.h, /root/ws_moveit/devel/include/moveit_msgs/PositionIKRequest.h)
Linked: (/root/ws_moveit/devel/.private/moveit_msgs/include/moveit_msgs/MotionSequenceRequest.h, /root/ws_moveit/devel/include/moveit_msgs/MotionSequenceRequest.h)
Linked: (/root/ws_moveit/devel/.private/moveit_msgs/include/moveit_msgs/MoveGroupSequenceGoal.h, /root/ws_moveit/devel/include/moveit_msgs/MoveGroupSequenceGoal.h)
Linked: (/root/ws_moveit/devel/.private/moveit_msgs/include/moveit_msgs/MoveGroupFeedback.h, /root/ws_moveit/devel/include/moveit_msgs/MoveGroupFeedback.h)
Linked: (/root/ws_moveit/devel/.private/moveit_msgs/include/moveit_msgs/GripperTranslation.h, /root/ws_moveit/devel/include/moveit_msgs/GripperTranslation.h)
Linked: (/root/ws_moveit/devel/.private/moveit_msgs/include/moveit_msgs/WorkspaceParameters.h, /root/ws_moveit/devel/include/moveit_msgs/WorkspaceParameters.h)
Linked: (/root/ws_moveit/devel/.private/moveit_msgs/include/moveit_msgs/GetPlannerParamsResponse.h, /root/ws_moveit/devel/include/moveit_msgs/GetPlannerParamsResponse.h)
Linked: (/root/ws_moveit/devel/.private/moveit_msgs/include/moveit_msgs/GraspPlanningRequest.h, /root/ws_moveit/devel/include/moveit_msgs/GraspPlanningRequest.h)
Linked: (/root/ws_moveit/devel/.private/moveit_msgs/include/moveit_msgs/UpdatePointcloudOctomapRequest.h, /root/ws_moveit/devel/include/moveit_msgs/UpdatePointcloudOctomapRequest.h)
Linked: (/root/ws_moveit/devel/.private/moveit_msgs/include/moveit_msgs/DisplayRobotState.h, /root/ws_moveit/devel/include/moveit_msgs/DisplayRobotState.h)
Linked: (/root/ws_moveit/devel/.private/moveit_msgs/include/moveit_msgs/RenameRobotStateInWarehouseResponse.h, /root/ws_moveit/devel/include/moveit_msgs/RenameRobotStateInWarehouseResponse.h)
Linked: (/root/ws_moveit/devel/.private/moveit_msgs/include/moveit_msgs/MotionPlanRequest.h, /root/ws_moveit/devel/include/moveit_msgs/MotionPlanRequest.h)
Linked: (/root/ws_moveit/devel/.private/moveit_msgs/include/moveit_msgs/MoveGroupGoal.h, /root/ws_moveit/devel/include/moveit_msgs/MoveGroupGoal.h)
Linked: (/root/ws_moveit/devel/.private/moveit_msgs/include/moveit_msgs/GetRobotStateFromWarehouseRequest.h, /root/ws_moveit/devel/include/moveit_msgs/GetRobotStateFromWarehouseRequest.h)
Linked: (/root/ws_moveit/devel/.private/moveit_msgs/include/moveit_msgs/JointLimits.h, /root/ws_moveit/devel/include/moveit_msgs/JointLimits.h)
Linked: (/root/ws_moveit/devel/.private/moveit_msgs/include/moveit_msgs/ListRobotStatesInWarehouseRequest.h, /root/ws_moveit/devel/include/moveit_msgs/ListRobotStatesInWarehouseRequest.h)
Linked: (/root/ws_moveit/devel/.private/moveit_msgs/include/moveit_msgs/PlaceResult.h, /root/ws_moveit/devel/include/moveit_msgs/PlaceResult.h)
Linked: (/root/ws_moveit/devel/.private/moveit_msgs/include/moveit_msgs/PlaceFeedback.h, /root/ws_moveit/devel/include/moveit_msgs/PlaceFeedback.h)
Linked: (/root/ws_moveit/devel/.private/moveit_msgs/include/moveit_msgs/PlanningSceneWorld.h, /root/ws_moveit/devel/include/moveit_msgs/PlanningSceneWorld.h)
Linked: (/root/ws_moveit/devel/.private/moveit_msgs/include/moveit_msgs/PlannerInterfaceDescription.h, /root/ws_moveit/devel/include/moveit_msgs/PlannerInterfaceDescription.h)
Linked: (/root/ws_moveit/devel/.private/moveit_msgs/include/moveit_msgs/RenameRobotStateInWarehouseRequest.h, /root/ws_moveit/devel/include/moveit_msgs/RenameRobotStateInWarehouseRequest.h)
Linked: (/root/ws_moveit/devel/.private/moveit_msgs/include/moveit_msgs/GetPositionIK.h, /root/ws_moveit/devel/include/moveit_msgs/GetPositionIK.h)
Linked: (/root/ws_moveit/devel/.private/moveit_msgs/include/moveit_msgs/PlanningSceneComponents.h, /root/ws_moveit/devel/include/moveit_msgs/PlanningSceneComponents.h)
Linked: (/root/ws_moveit/devel/.private/moveit_msgs/include/moveit_msgs/BoundingVolume.h, /root/ws_moveit/devel/include/moveit_msgs/BoundingVolume.h)
Linked: (/root/ws_moveit/devel/.private/moveit_msgs/include/moveit_msgs/GetMotionSequence.h, /root/ws_moveit/devel/include/moveit_msgs/GetMotionSequence.h)
Linked: (/root/ws_moveit/devel/.private/moveit_msgs/include/moveit_msgs/GetPlanningSceneResponse.h, /root/ws_moveit/devel/include/moveit_msgs/GetPlanningSceneResponse.h)
Linked: (/root/ws_moveit/devel/.private/moveit_msgs/include/moveit_msgs/SetPlannerParamsRequest.h, /root/ws_moveit/devel/include/moveit_msgs/SetPlannerParamsRequest.h)
Linked: (/root/ws_moveit/devel/.private/moveit_msgs/include/moveit_msgs/ListRobotStatesInWarehouseResponse.h, /root/ws_moveit/devel/include/moveit_msgs/ListRobotStatesInWarehouseResponse.h)
Linked: (/root/ws_moveit/devel/.private/moveit_msgs/share/roseus/ros/moveit_msgs/manifest.l, /root/ws_moveit/devel/share/roseus/ros/moveit_msgs/manifest.l)
Linked: (/root/ws_moveit/devel/.private/moveit_msgs/share/roseus/ros/moveit_msgs/srv/GetPositionIK.l, /root/ws_moveit/devel/share/roseus/ros/moveit_msgs/srv/GetPositionIK.l)
Linked: (/root/ws_moveit/devel/.private/moveit_msgs/share/roseus/ros/moveit_msgs/srv/RenameRobotStateInWarehouse.l, /root/ws_moveit/devel/share/roseus/ros/moveit_msgs/srv/RenameRobotStateInWarehouse.l)
Linked: (/root/ws_moveit/devel/.private/moveit_msgs/share/roseus/ros/moveit_msgs/srv/CheckIfRobotStateExistsInWarehouse.l, /root/ws_moveit/devel/share/roseus/ros/moveit_msgs/srv/CheckIfRobotStateExistsInWarehouse.l)
Linked: (/root/ws_moveit/devel/.private/moveit_msgs/share/roseus/ros/moveit_msgs/srv/GetStateValidity.l, /root/ws_moveit/devel/share/roseus/ros/moveit_msgs/srv/GetStateValidity.l)
Linked: (/root/ws_moveit/devel/.private/moveit_msgs/share/roseus/ros/moveit_msgs/srv/GraspPlanning.l, /root/ws_moveit/devel/share/roseus/ros/moveit_msgs/srv/GraspPlanning.l)
Linked: (/root/ws_moveit/devel/.private/moveit_msgs/share/roseus/ros/moveit_msgs/srv/QueryPlannerInterfaces.l, /root/ws_moveit/devel/share/roseus/ros/moveit_msgs/srv/QueryPlannerInterfaces.l)
Linked: (/root/ws_moveit/devel/.private/moveit_msgs/share/roseus/ros/moveit_msgs/srv/ChangeControlDimensions.l, /root/ws_moveit/devel/share/roseus/ros/moveit_msgs/srv/ChangeControlDimensions.l)
Linked: (/root/ws_moveit/devel/.private/moveit_msgs/share/roseus/ros/moveit_msgs/srv/SaveMap.l, /root/ws_moveit/devel/share/roseus/ros/moveit_msgs/srv/SaveMap.l)
Linked: (/root/ws_moveit/devel/.private/moveit_msgs/share/roseus/ros/moveit_msgs/srv/GetMotionSequence.l, /root/ws_moveit/devel/share/roseus/ros/moveit_msgs/srv/GetMotionSequence.l)
Linked: (/root/ws_moveit/devel/.private/moveit_msgs/share/roseus/ros/moveit_msgs/srv/ExecuteKnownTrajectory.l, /root/ws_moveit/devel/share/roseus/ros/moveit_msgs/srv/ExecuteKnownTrajectory.l)
Linked: (/root/ws_moveit/devel/.private/moveit_msgs/share/roseus/ros/moveit_msgs/srv/GetPlannerParams.l, /root/ws_moveit/devel/share/roseus/ros/moveit_msgs/srv/GetPlannerParams.l)
Linked: (/root/ws_moveit/devel/.private/moveit_msgs/share/roseus/ros/moveit_msgs/srv/ApplyPlanningScene.l, /root/ws_moveit/devel/share/roseus/ros/moveit_msgs/srv/ApplyPlanningScene.l)
Linked: (/root/ws_moveit/devel/.private/moveit_msgs/share/roseus/ros/moveit_msgs/srv/SaveRobotStateToWarehouse.l, /root/ws_moveit/devel/share/roseus/ros/moveit_msgs/srv/SaveRobotStateToWarehouse.l)
Linked: (/root/ws_moveit/devel/.private/moveit_msgs/share/roseus/ros/moveit_msgs/srv/GetMotionPlan.l, /root/ws_moveit/devel/share/roseus/ros/moveit_msgs/srv/GetMotionPlan.l)
Linked: (/root/ws_moveit/devel/.private/moveit_msgs/share/roseus/ros/moveit_msgs/srv/UpdatePointcloudOctomap.l, /root/ws_moveit/devel/share/roseus/ros/moveit_msgs/srv/UpdatePointcloudOctomap.l)
Linked: (/root/ws_moveit/devel/.private/moveit_msgs/share/roseus/ros/moveit_msgs/srv/GetPositionFK.l, /root/ws_moveit/devel/share/roseus/ros/moveit_msgs/srv/GetPositionFK.l)
Linked: (/root/ws_moveit/devel/.private/moveit_msgs/share/roseus/ros/moveit_msgs/srv/ChangeDriftDimensions.l, /root/ws_moveit/devel/share/roseus/ros/moveit_msgs/srv/ChangeDriftDimensions.l)
Linked: (/root/ws_moveit/devel/.private/moveit_msgs/share/roseus/ros/moveit_msgs/srv/SetPlannerParams.l, /root/ws_moveit/devel/share/roseus/ros/moveit_msgs/srv/SetPlannerParams.l)
Linked: (/root/ws_moveit/devel/.private/moveit_msgs/share/roseus/ros/moveit_msgs/srv/GetCartesianPath.l, /root/ws_moveit/devel/share/roseus/ros/moveit_msgs/srv/GetCartesianPath.l)
Linked: (/root/ws_moveit/devel/.private/moveit_msgs/share/roseus/ros/moveit_msgs/srv/GetRobotStateFromWarehouse.l, /root/ws_moveit/devel/share/roseus/ros/moveit_msgs/srv/GetRobotStateFromWarehouse.l)
Linked: (/root/ws_moveit/devel/.private/moveit_msgs/share/roseus/ros/moveit_msgs/srv/GetPlanningScene.l, /root/ws_moveit/devel/share/roseus/ros/moveit_msgs/srv/GetPlanningScene.l)
Linked: (/root/ws_moveit/devel/.private/moveit_msgs/share/roseus/ros/moveit_msgs/srv/ListRobotStatesInWarehouse.l, /root/ws_moveit/devel/share/roseus/ros/moveit_msgs/srv/ListRobotStatesInWarehouse.l)
Linked: (/root/ws_moveit/devel/.private/moveit_msgs/share/roseus/ros/moveit_msgs/srv/DeleteRobotStateFromWarehouse.l, /root/ws_moveit/devel/share/roseus/ros/moveit_msgs/srv/DeleteRobotStateFromWarehouse.l)
Linked: (/root/ws_moveit/devel/.private/moveit_msgs/share/roseus/ros/moveit_msgs/srv/LoadMap.l, /root/ws_moveit/devel/share/roseus/ros/moveit_msgs/srv/LoadMap.l)
Linked: (/root/ws_moveit/devel/.private/moveit_msgs/share/roseus/ros/moveit_msgs/msg/LinkPadding.l, /root/ws_moveit/devel/share/roseus/ros/moveit_msgs/msg/LinkPadding.l)
Linked: (/root/ws_moveit/devel/.private/moveit_msgs/share/roseus/ros/moveit_msgs/msg/MoveGroupSequenceGoal.l, /root/ws_moveit/devel/share/roseus/ros/moveit_msgs/msg/MoveGroupSequenceGoal.l)
Linked: (/root/ws_moveit/devel/.private/moveit_msgs/share/roseus/ros/moveit_msgs/msg/PlannerInterfaceDescription.l, /root/ws_moveit/devel/share/roseus/ros/moveit_msgs/msg/PlannerInterfaceDescription.l)
Linked: (/root/ws_moveit/devel/.private/moveit_msgs/share/roseus/ros/moveit_msgs/msg/GripperTranslation.l, /root/ws_moveit/devel/share/roseus/ros/moveit_msgs/msg/GripperTranslation.l)
Linked: (/root/ws_moveit/devel/.private/moveit_msgs/share/roseus/ros/moveit_msgs/msg/TrajectoryConstraints.l, /root/ws_moveit/devel/share/roseus/ros/moveit_msgs/msg/TrajectoryConstraints.l)
Linked: (/root/ws_moveit/devel/.private/moveit_msgs/share/roseus/ros/moveit_msgs/msg/OrientedBoundingBox.l, /root/ws_moveit/devel/share/roseus/ros/moveit_msgs/msg/OrientedBoundingBox.l)
Linked: (/root/ws_moveit/devel/.private/moveit_msgs/share/roseus/ros/moveit_msgs/msg/PickupFeedback.l, /root/ws_moveit/devel/share/roseus/ros/moveit_msgs/msg/PickupFeedback.l)
Linked: (/root/ws_moveit/devel/.private/moveit_msgs/share/roseus/ros/moveit_msgs/msg/PlannerParams.l, /root/ws_moveit/devel/share/roseus/ros/moveit_msgs/msg/PlannerParams.l)
Linked: (/root/ws_moveit/devel/.private/moveit_msgs/share/roseus/ros/moveit_msgs/msg/ExecuteTrajectoryGoal.l, /root/ws_moveit/devel/share/roseus/ros/moveit_msgs/msg/ExecuteTrajectoryGoal.l)
Linked: (/root/ws_moveit/devel/.private/moveit_msgs/share/roseus/ros/moveit_msgs/msg/ExecuteTrajectoryResult.l, /root/ws_moveit/devel/share/roseus/ros/moveit_msgs/msg/ExecuteTrajectoryResult.l)
Linked: (/root/ws_moveit/devel/.private/moveit_msgs/share/roseus/ros/moveit_msgs/msg/MoveGroupSequenceActionFeedback.l, /root/ws_moveit/devel/share/roseus/ros/moveit_msgs/msg/MoveGroupSequenceActionFeedback.l)
Linked: (/root/ws_moveit/devel/.private/moveit_msgs/share/roseus/ros/moveit_msgs/msg/MoveGroupActionResult.l, /root/ws_moveit/devel/share/roseus/ros/moveit_msgs/msg/MoveGroupActionResult.l)
Linked: (/root/ws_moveit/devel/.private/moveit_msgs/share/roseus/ros/moveit_msgs/msg/PlanningOptions.l, /root/ws_moveit/devel/share/roseus/ros/moveit_msgs/msg/PlanningOptions.l)
Linked: (/root/ws_moveit/devel/.private/moveit_msgs/share/roseus/ros/moveit_msgs/msg/CartesianPoint.l, /root/ws_moveit/devel/share/roseus/ros/moveit_msgs/msg/CartesianPoint.l)
Linked: (/root/ws_moveit/devel/.private/moveit_msgs/share/roseus/ros/moveit_msgs/msg/OrientationConstraint.l, /root/ws_moveit/devel/share/roseus/ros/moveit_msgs/msg/OrientationConstraint.l)
Linked: (/root/ws_moveit/devel/.private/moveit_msgs/share/roseus/ros/moveit_msgs/msg/ObjectColor.l, /root/ws_moveit/devel/share/roseus/ros/moveit_msgs/msg/ObjectColor.l)
Linked: (/root/ws_moveit/devel/.private/moveit_msgs/share/roseus/ros/moveit_msgs/msg/CostSource.l, /root/ws_moveit/devel/share/roseus/ros/moveit_msgs/msg/CostSource.l)
Linked: (/root/ws_moveit/devel/.private/moveit_msgs/share/roseus/ros/moveit_msgs/msg/ExecuteTrajectoryActionFeedback.l, /root/ws_moveit/devel/share/roseus/ros/moveit_msgs/msg/ExecuteTrajectoryActionFeedback.l)
Linked: (/root/ws_moveit/devel/.private/moveit_msgs/share/roseus/ros/moveit_msgs/msg/MoveGroupSequenceAction.l, /root/ws_moveit/devel/share/roseus/ros/moveit_msgs/msg/MoveGroupSequenceAction.l)
Linked: (/root/ws_moveit/devel/.private/moveit_msgs/share/roseus/ros/moveit_msgs/msg/LinkScale.l, /root/ws_moveit/devel/share/roseus/ros/moveit_msgs/msg/LinkScale.l)
Linked: (/root/ws_moveit/devel/.private/moveit_msgs/share/roseus/ros/moveit_msgs/msg/MoveGroupSequenceActionGoal.l, /root/ws_moveit/devel/share/roseus/ros/moveit_msgs/msg/MoveGroupSequenceActionGoal.l)
Linked: (/root/ws_moveit/devel/.private/moveit_msgs/share/roseus/ros/moveit_msgs/msg/PositionIKRequest.l, /root/ws_moveit/devel/share/roseus/ros/moveit_msgs/msg/PositionIKRequest.l)
Linked: (/root/ws_moveit/devel/.private/moveit_msgs/share/roseus/ros/moveit_msgs/msg/ConstraintEvalResult.l, /root/ws_moveit/devel/share/roseus/ros/moveit_msgs/msg/ConstraintEvalResult.l)
Linked: (/root/ws_moveit/devel/.private/moveit_msgs/share/roseus/ros/moveit_msgs/msg/PickupActionFeedback.l, /root/ws_moveit/devel/share/roseus/ros/moveit_msgs/msg/PickupActionFeedback.l)
Linked: (/root/ws_moveit/devel/.private/moveit_msgs/share/roseus/ros/moveit_msgs/msg/PositionConstraint.l, /root/ws_moveit/devel/share/roseus/ros/moveit_msgs/msg/PositionConstraint.l)
Linked: (/root/ws_moveit/devel/.private/moveit_msgs/share/roseus/ros/moveit_msgs/msg/AllowedCollisionMatrix.l, /root/ws_moveit/devel/share/roseus/ros/moveit_msgs/msg/AllowedCollisionMatrix.l)
Linked: (/root/ws_moveit/devel/.private/moveit_msgs/share/roseus/ros/moveit_msgs/msg/MotionPlanRequest.l, /root/ws_moveit/devel/share/roseus/ros/moveit_msgs/msg/MotionPlanRequest.l)
Linked: (/root/ws_moveit/devel/.private/moveit_msgs/share/roseus/ros/moveit_msgs/msg/PickupActionGoal.l, /root/ws_moveit/devel/share/roseus/ros/moveit_msgs/msg/PickupActionGoal.l)
Linked: (/root/ws_moveit/devel/.private/moveit_msgs/share/roseus/ros/moveit_msgs/msg/PlaceResult.l, /root/ws_moveit/devel/share/roseus/ros/moveit_msgs/msg/PlaceResult.l)
Linked: (/root/ws_moveit/devel/.private/moveit_msgs/share/roseus/ros/moveit_msgs/msg/MoveGroupSequenceActionResult.l, /root/ws_moveit/devel/share/roseus/ros/moveit_msgs/msg/MoveGroupSequenceActionResult.l)
Linked: (/root/ws_moveit/devel/.private/moveit_msgs/share/roseus/ros/moveit_msgs/msg/RobotState.l, /root/ws_moveit/devel/share/roseus/ros/moveit_msgs/msg/RobotState.l)
Linked: (/root/ws_moveit/devel/.private/moveit_msgs/share/roseus/ros/moveit_msgs/msg/JointConstraint.l, /root/ws_moveit/devel/share/roseus/ros/moveit_msgs/msg/JointConstraint.l)
Linked: (/root/ws_moveit/devel/.private/moveit_msgs/share/roseus/ros/moveit_msgs/msg/PickupGoal.l, /root/ws_moveit/devel/share/roseus/ros/moveit_msgs/msg/PickupGoal.l)
Linked: (/root/ws_moveit/devel/.private/moveit_msgs/share/roseus/ros/moveit_msgs/msg/AllowedCollisionEntry.l, /root/ws_moveit/devel/share/roseus/ros/moveit_msgs/msg/AllowedCollisionEntry.l)
Linked: (/root/ws_moveit/devel/.private/moveit_msgs/share/roseus/ros/moveit_msgs/msg/ExecuteTrajectoryFeedback.l, /root/ws_moveit/devel/share/roseus/ros/moveit_msgs/msg/ExecuteTrajectoryFeedback.l)
Linked: (/root/ws_moveit/devel/.private/moveit_msgs/share/roseus/ros/moveit_msgs/msg/ExecuteTrajectoryAction.l, /root/ws_moveit/devel/share/roseus/ros/moveit_msgs/msg/ExecuteTrajectoryAction.l)
Linked: (/root/ws_moveit/devel/.private/moveit_msgs/share/roseus/ros/moveit_msgs/msg/PlanningSceneWorld.l, /root/ws_moveit/devel/share/roseus/ros/moveit_msgs/msg/PlanningSceneWorld.l)
Linked: (/root/ws_moveit/devel/.private/moveit_msgs/share/roseus/ros/moveit_msgs/msg/Grasp.l, /root/ws_moveit/devel/share/roseus/ros/moveit_msgs/msg/Grasp.l)
Linked: (/root/ws_moveit/devel/.private/moveit_msgs/share/roseus/ros/moveit_msgs/msg/MoveGroupActionFeedback.l, /root/ws_moveit/devel/share/roseus/ros/moveit_msgs/msg/MoveGroupActionFeedback.l)
Linked: (/root/ws_moveit/devel/.private/moveit_msgs/share/roseus/ros/moveit_msgs/msg/ExecuteTrajectoryActionGoal.l, /root/ws_moveit/devel/share/roseus/ros/moveit_msgs/msg/ExecuteTrajectoryActionGoal.l)
Linked: (/root/ws_moveit/devel/.private/moveit_msgs/share/roseus/ros/moveit_msgs/msg/GenericTrajectory.l, /root/ws_moveit/devel/share/roseus/ros/moveit_msgs/msg/GenericTrajectory.l)
Linked: (/root/ws_moveit/devel/.private/moveit_msgs/share/roseus/ros/moveit_msgs/msg/MoveGroupFeedback.l, /root/ws_moveit/devel/share/roseus/ros/moveit_msgs/msg/MoveGroupFeedback.l)
Linked: (/root/ws_moveit/devel/.private/moveit_msgs/share/roseus/ros/moveit_msgs/msg/PickupAction.l, /root/ws_moveit/devel/share/roseus/ros/moveit_msgs/msg/PickupAction.l)
Linked: (/root/ws_moveit/devel/.private/moveit_msgs/share/roseus/ros/moveit_msgs/msg/PlanningSceneComponents.l, /root/ws_moveit/devel/share/roseus/ros/moveit_msgs/msg/PlanningSceneComponents.l)
Linked: (/root/ws_moveit/devel/.private/moveit_msgs/share/roseus/ros/moveit_msgs/msg/PlaceActionResult.l, /root/ws_moveit/devel/share/roseus/ros/moveit_msgs/msg/PlaceActionResult.l)
Linked: (/root/ws_moveit/devel/.private/moveit_msgs/share/roseus/ros/moveit_msgs/msg/PlanningScene.l, /root/ws_moveit/devel/share/roseus/ros/moveit_msgs/msg/PlanningScene.l)
Linked: (/root/ws_moveit/devel/.private/moveit_msgs/share/roseus/ros/moveit_msgs/msg/CartesianTrajectory.l, /root/ws_moveit/devel/share/roseus/ros/moveit_msgs/msg/CartesianTrajectory.l)
Linked: (/root/ws_moveit/devel/.private/moveit_msgs/share/roseus/ros/moveit_msgs/msg/MoveGroupAction.l, /root/ws_moveit/devel/share/roseus/ros/moveit_msgs/msg/MoveGroupAction.l)
Linked: (/root/ws_moveit/devel/.private/moveit_msgs/share/roseus/ros/moveit_msgs/msg/MotionPlanDetailedResponse.l, /root/ws_moveit/devel/share/roseus/ros/moveit_msgs/msg/MotionPlanDetailedResponse.l)
Linked: (/root/ws_moveit/devel/.private/moveit_msgs/share/roseus/ros/moveit_msgs/msg/MotionPlanResponse.l, /root/ws_moveit/devel/share/roseus/ros/moveit_msgs/msg/MotionPlanResponse.l)
Linked: (/root/ws_moveit/devel/.private/moveit_msgs/share/roseus/ros/moveit_msgs/msg/MoveGroupResult.l, /root/ws_moveit/devel/share/roseus/ros/moveit_msgs/msg/MoveGroupResult.l)
Linked: (/root/ws_moveit/devel/.private/moveit_msgs/share/roseus/ros/moveit_msgs/msg/WorkspaceParameters.l, /root/ws_moveit/devel/share/roseus/ros/moveit_msgs/msg/WorkspaceParameters.l)
Linked: (/root/ws_moveit/devel/.private/moveit_msgs/share/roseus/ros/moveit_msgs/msg/DisplayRobotState.l, /root/ws_moveit/devel/share/roseus/ros/moveit_msgs/msg/DisplayRobotState.l)
Linked: (/root/ws_moveit/devel/.private/moveit_msgs/share/roseus/ros/moveit_msgs/msg/CartesianTrajectoryPoint.l, /root/ws_moveit/devel/share/roseus/ros/moveit_msgs/msg/CartesianTrajectoryPoint.l)
Linked: (/root/ws_moveit/devel/.private/moveit_msgs/share/roseus/ros/moveit_msgs/msg/PlaceFeedback.l, /root/ws_moveit/devel/share/roseus/ros/moveit_msgs/msg/PlaceFeedback.l)
Linked: (/root/ws_moveit/devel/.private/moveit_msgs/share/roseus/ros/moveit_msgs/msg/DisplayTrajectory.l, /root/ws_moveit/devel/share/roseus/ros/moveit_msgs/msg/DisplayTrajectory.l)
Linked: (/root/ws_moveit/devel/.private/moveit_msgs/share/roseus/ros/moveit_msgs/msg/PlaceActionFeedback.l, /root/ws_moveit/devel/share/roseus/ros/moveit_msgs/msg/PlaceActionFeedback.l)
Linked: (/root/ws_moveit/devel/.private/moveit_msgs/share/roseus/ros/moveit_msgs/msg/PickupResult.l, /root/ws_moveit/devel/share/roseus/ros/moveit_msgs/msg/PickupResult.l)
Linked: (/root/ws_moveit/devel/.private/moveit_msgs/share/roseus/ros/moveit_msgs/msg/PlaceGoal.l, /root/ws_moveit/devel/share/roseus/ros/moveit_msgs/msg/PlaceGoal.l)
Linked: (/root/ws_moveit/devel/.private/moveit_msgs/share/roseus/ros/moveit_msgs/msg/CollisionObject.l, /root/ws_moveit/devel/share/roseus/ros/moveit_msgs/msg/CollisionObject.l)
Linked: (/root/ws_moveit/devel/.private/moveit_msgs/share/roseus/ros/moveit_msgs/msg/MoveItErrorCodes.l, /root/ws_moveit/devel/share/roseus/ros/moveit_msgs/msg/MoveItErrorCodes.l)
Linked: (/root/ws_moveit/devel/.private/moveit_msgs/share/roseus/ros/moveit_msgs/msg/JointLimits.l, /root/ws_moveit/devel/share/roseus/ros/moveit_msgs/msg/JointLimits.l)
Linked: (/root/ws_moveit/devel/.private/moveit_msgs/share/roseus/ros/moveit_msgs/msg/MoveGroupGoal.l, /root/ws_moveit/devel/share/roseus/ros/moveit_msgs/msg/MoveGroupGoal.l)
Linked: (/root/ws_moveit/devel/.private/moveit_msgs/share/roseus/ros/moveit_msgs/msg/Constraints.l, /root/ws_moveit/devel/share/roseus/ros/moveit_msgs/msg/Constraints.l)
Linked: (/root/ws_moveit/devel/.private/moveit_msgs/share/roseus/ros/moveit_msgs/msg/MotionSequenceRequest.l, /root/ws_moveit/devel/share/roseus/ros/moveit_msgs/msg/MotionSequenceRequest.l)
Linked: (/root/ws_moveit/devel/.private/moveit_msgs/share/roseus/ros/moveit_msgs/msg/PickupActionResult.l, /root/ws_moveit/devel/share/roseus/ros/moveit_msgs/msg/PickupActionResult.l)
Linked: (/root/ws_moveit/devel/.private/moveit_msgs/share/roseus/ros/moveit_msgs/msg/PlaceAction.l, /root/ws_moveit/devel/share/roseus/ros/moveit_msgs/msg/PlaceAction.l)
Linked: (/root/ws_moveit/devel/.private/moveit_msgs/share/roseus/ros/moveit_msgs/msg/PlaceActionGoal.l, /root/ws_moveit/devel/share/roseus/ros/moveit_msgs/msg/PlaceActionGoal.l)
Linked: (/root/ws_moveit/devel/.private/moveit_msgs/share/roseus/ros/moveit_msgs/msg/ExecuteTrajectoryActionResult.l, /root/ws_moveit/devel/share/roseus/ros/moveit_msgs/msg/ExecuteTrajectoryActionResult.l)
Linked: (/root/ws_moveit/devel/.private/moveit_msgs/share/roseus/ros/moveit_msgs/msg/MoveGroupActionGoal.l, /root/ws_moveit/devel/share/roseus/ros/moveit_msgs/msg/MoveGroupActionGoal.l)
Linked: (/root/ws_moveit/devel/.private/moveit_msgs/share/roseus/ros/moveit_msgs/msg/BoundingVolume.l, /root/ws_moveit/devel/share/roseus/ros/moveit_msgs/msg/BoundingVolume.l)
Linked: (/root/ws_moveit/devel/.private/moveit_msgs/share/roseus/ros/moveit_msgs/msg/KinematicSolverInfo.l, /root/ws_moveit/devel/share/roseus/ros/moveit_msgs/msg/KinematicSolverInfo.l)
Linked: (/root/ws_moveit/devel/.private/moveit_msgs/share/roseus/ros/moveit_msgs/msg/MoveGroupSequenceResult.l, /root/ws_moveit/devel/share/roseus/ros/moveit_msgs/msg/MoveGroupSequenceResult.l)
Linked: (/root/ws_moveit/devel/.private/moveit_msgs/share/roseus/ros/moveit_msgs/msg/ContactInformation.l, /root/ws_moveit/devel/share/roseus/ros/moveit_msgs/msg/ContactInformation.l)
Linked: (/root/ws_moveit/devel/.private/moveit_msgs/share/roseus/ros/moveit_msgs/msg/VisibilityConstraint.l, /root/ws_moveit/devel/share/roseus/ros/moveit_msgs/msg/VisibilityConstraint.l)
Linked: (/root/ws_moveit/devel/.private/moveit_msgs/share/roseus/ros/moveit_msgs/msg/MotionSequenceResponse.l, /root/ws_moveit/devel/share/roseus/ros/moveit_msgs/msg/MotionSequenceResponse.l)
Linked: (/root/ws_moveit/devel/.private/moveit_msgs/share/roseus/ros/moveit_msgs/msg/MotionSequenceItem.l, /root/ws_moveit/devel/share/roseus/ros/moveit_msgs/msg/MotionSequenceItem.l)
Linked: (/root/ws_moveit/devel/.private/moveit_msgs/share/roseus/ros/moveit_msgs/msg/MoveGroupSequenceFeedback.l, /root/ws_moveit/devel/share/roseus/ros/moveit_msgs/msg/MoveGroupSequenceFeedback.l)
Linked: (/root/ws_moveit/devel/.private/moveit_msgs/share/roseus/ros/moveit_msgs/msg/PlaceLocation.l, /root/ws_moveit/devel/share/roseus/ros/moveit_msgs/msg/PlaceLocation.l)
Linked: (/root/ws_moveit/devel/.private/moveit_msgs/share/roseus/ros/moveit_msgs/msg/RobotTrajectory.l, /root/ws_moveit/devel/share/roseus/ros/moveit_msgs/msg/RobotTrajectory.l)
Linked: (/root/ws_moveit/devel/.private/moveit_msgs/share/roseus/ros/moveit_msgs/msg/AttachedCollisionObject.l, /root/ws_moveit/devel/share/roseus/ros/moveit_msgs/msg/AttachedCollisionObject.l)
Linked: (/root/ws_moveit/devel/.private/moveit_msgs/share/moveit_msgs/cmake/moveit_msgs-msg-extras.cmake, /root/ws_moveit/devel/share/moveit_msgs/cmake/moveit_msgs-msg-extras.cmake)
Linked: (/root/ws_moveit/devel/.private/moveit_msgs/share/moveit_msgs/cmake/moveit_msgs-msg-paths.cmake, /root/ws_moveit/devel/share/moveit_msgs/cmake/moveit_msgs-msg-paths.cmake)
Linked: (/root/ws_moveit/devel/.private/moveit_msgs/share/moveit_msgs/cmake/moveit_msgsConfig.cmake, /root/ws_moveit/devel/share/moveit_msgs/cmake/moveit_msgsConfig.cmake)
Linked: (/root/ws_moveit/devel/.private/moveit_msgs/share/moveit_msgs/cmake/moveit_msgsConfig-version.cmake, /root/ws_moveit/devel/share/moveit_msgs/cmake/moveit_msgsConfig-version.cmake)
Linked: (/root/ws_moveit/devel/.private/moveit_msgs/share/moveit_msgs/msg/MoveGroupActionFeedback.msg, /root/ws_moveit/devel/share/moveit_msgs/msg/MoveGroupActionFeedback.msg)
Linked: (/root/ws_moveit/devel/.private/moveit_msgs/share/moveit_msgs/msg/ExecuteTrajectoryFeedback.msg, /root/ws_moveit/devel/share/moveit_msgs/msg/ExecuteTrajectoryFeedback.msg)
Linked: (/root/ws_moveit/devel/.private/moveit_msgs/share/moveit_msgs/msg/MoveGroupSequenceAction.msg, /root/ws_moveit/devel/share/moveit_msgs/msg/MoveGroupSequenceAction.msg)
Linked: (/root/ws_moveit/devel/.private/moveit_msgs/share/moveit_msgs/msg/MoveGroupFeedback.msg, /root/ws_moveit/devel/share/moveit_msgs/msg/MoveGroupFeedback.msg)
Linked: (/root/ws_moveit/devel/.private/moveit_msgs/share/moveit_msgs/msg/ExecuteTrajectoryActionGoal.msg, /root/ws_moveit/devel/share/moveit_msgs/msg/ExecuteTrajectoryActionGoal.msg)
Linked: (/root/ws_moveit/devel/.private/moveit_msgs/share/moveit_msgs/msg/MoveGroupActionGoal.msg, /root/ws_moveit/devel/share/moveit_msgs/msg/MoveGroupActionGoal.msg)
Linked: (/root/ws_moveit/devel/.private/moveit_msgs/share/moveit_msgs/msg/MoveGroupSequenceFeedback.msg, /root/ws_moveit/devel/share/moveit_msgs/msg/MoveGroupSequenceFeedback.msg)
Linked: (/root/ws_moveit/devel/.private/moveit_msgs/share/moveit_msgs/msg/MoveGroupResult.msg, /root/ws_moveit/devel/share/moveit_msgs/msg/MoveGroupResult.msg)
Linked: (/root/ws_moveit/devel/.private/moveit_msgs/share/moveit_msgs/msg/MoveGroupSequenceResult.msg, /root/ws_moveit/devel/share/moveit_msgs/msg/MoveGroupSequenceResult.msg)
Linked: (/root/ws_moveit/devel/.private/moveit_msgs/share/moveit_msgs/msg/MoveGroupSequenceActionFeedback.msg, /root/ws_moveit/devel/share/moveit_msgs/msg/MoveGroupSequenceActionFeedback.msg)
Linked: (/root/ws_moveit/devel/.private/moveit_msgs/share/moveit_msgs/msg/ExecuteTrajectoryActionFeedback.msg, /root/ws_moveit/devel/share/moveit_msgs/msg/ExecuteTrajectoryActionFeedback.msg)
Linked: (/root/ws_moveit/devel/.private/moveit_msgs/share/moveit_msgs/msg/PlaceActionResult.msg, /root/ws_moveit/devel/share/moveit_msgs/msg/PlaceActionResult.msg)
Linked: (/root/ws_moveit/devel/.private/moveit_msgs/share/moveit_msgs/msg/ExecuteTrajectoryResult.msg, /root/ws_moveit/devel/share/moveit_msgs/msg/ExecuteTrajectoryResult.msg)
Linked: (/root/ws_moveit/devel/.private/moveit_msgs/share/moveit_msgs/msg/MoveGroupGoal.msg, /root/ws_moveit/devel/share/moveit_msgs/msg/MoveGroupGoal.msg)
Linked: (/root/ws_moveit/devel/.private/moveit_msgs/share/moveit_msgs/msg/PickupActionGoal.msg, /root/ws_moveit/devel/share/moveit_msgs/msg/PickupActionGoal.msg)
Linked: (/root/ws_moveit/devel/.private/moveit_msgs/share/moveit_msgs/msg/ExecuteTrajectoryAction.msg, /root/ws_moveit/devel/share/moveit_msgs/msg/ExecuteTrajectoryAction.msg)
Linked: (/root/ws_moveit/devel/.private/moveit_msgs/share/moveit_msgs/msg/MoveGroupActionResult.msg, /root/ws_moveit/devel/share/moveit_msgs/msg/MoveGroupActionResult.msg)
Linked: (/root/ws_moveit/devel/.private/moveit_msgs/share/moveit_msgs/msg/PickupActionFeedback.msg, /root/ws_moveit/devel/share/moveit_msgs/msg/PickupActionFeedback.msg)
Linked: (/root/ws_moveit/devel/.private/moveit_msgs/share/moveit_msgs/msg/PickupActionResult.msg, /root/ws_moveit/devel/share/moveit_msgs/msg/PickupActionResult.msg)
Linked: (/root/ws_moveit/devel/.private/moveit_msgs/share/moveit_msgs/msg/PlaceGoal.msg, /root/ws_moveit/devel/share/moveit_msgs/msg/PlaceGoal.msg)
Linked: (/root/ws_moveit/devel/.private/moveit_msgs/share/moveit_msgs/msg/PickupResult.msg, /root/ws_moveit/devel/share/moveit_msgs/msg/PickupResult.msg)
Linked: (/root/ws_moveit/devel/.private/moveit_msgs/share/moveit_msgs/msg/ExecuteTrajectoryActionResult.msg, /root/ws_moveit/devel/share/moveit_msgs/msg/ExecuteTrajectoryActionResult.msg)
Linked: (/root/ws_moveit/devel/.private/moveit_msgs/share/moveit_msgs/msg/PlaceFeedback.msg, /root/ws_moveit/devel/share/moveit_msgs/msg/PlaceFeedback.msg)
Linked: (/root/ws_moveit/devel/.private/moveit_msgs/share/moveit_msgs/msg/MoveGroupSequenceGoal.msg, /root/ws_moveit/devel/share/moveit_msgs/msg/MoveGroupSequenceGoal.msg)
Linked: (/root/ws_moveit/devel/.private/moveit_msgs/share/moveit_msgs/msg/ExecuteTrajectoryGoal.msg, /root/ws_moveit/devel/share/moveit_msgs/msg/ExecuteTrajectoryGoal.msg)
Linked: (/root/ws_moveit/devel/.private/moveit_msgs/share/moveit_msgs/msg/PlaceAction.msg, /root/ws_moveit/devel/share/moveit_msgs/msg/PlaceAction.msg)
Linked: (/root/ws_moveit/devel/.private/moveit_msgs/share/moveit_msgs/msg/PickupGoal.msg, /root/ws_moveit/devel/share/moveit_msgs/msg/PickupGoal.msg)
Linked: (/root/ws_moveit/devel/.private/moveit_msgs/share/moveit_msgs/msg/PickupFeedback.msg, /root/ws_moveit/devel/share/moveit_msgs/msg/PickupFeedback.msg)
Linked: (/root/ws_moveit/devel/.private/moveit_msgs/share/moveit_msgs/msg/MoveGroupAction.msg, /root/ws_moveit/devel/share/moveit_msgs/msg/MoveGroupAction.msg)
Linked: (/root/ws_moveit/devel/.private/moveit_msgs/share/moveit_msgs/msg/MoveGroupSequenceActionResult.msg, /root/ws_moveit/devel/share/moveit_msgs/msg/MoveGroupSequenceActionResult.msg)
Linked: (/root/ws_moveit/devel/.private/moveit_msgs/share/moveit_msgs/msg/PlaceActionFeedback.msg, /root/ws_moveit/devel/share/moveit_msgs/msg/PlaceActionFeedback.msg)
Linked: (/root/ws_moveit/devel/.private/moveit_msgs/share/moveit_msgs/msg/PlaceActionGoal.msg, /root/ws_moveit/devel/share/moveit_msgs/msg/PlaceActionGoal.msg)
Linked: (/root/ws_moveit/devel/.private/moveit_msgs/share/moveit_msgs/msg/PlaceResult.msg, /root/ws_moveit/devel/share/moveit_msgs/msg/PlaceResult.msg)
Linked: (/root/ws_moveit/devel/.private/moveit_msgs/share/moveit_msgs/msg/PickupAction.msg, /root/ws_moveit/devel/share/moveit_msgs/msg/PickupAction.msg)
Linked: (/root/ws_moveit/devel/.private/moveit_msgs/share/moveit_msgs/msg/MoveGroupSequenceActionGoal.msg, /root/ws_moveit/devel/share/moveit_msgs/msg/MoveGroupSequenceActionGoal.msg)
Linked: (/root/ws_moveit/devel/.private/moveit_msgs/share/common-lisp/ros/moveit_msgs/srv/_package_ListRobotStatesInWarehouse.lisp, /root/ws_moveit/devel/share/common-lisp/ros/moveit_msgs/srv/_package_ListRobotStatesInWarehouse.lisp)
Linked: (/root/ws_moveit/devel/.private/moveit_msgs/share/common-lisp/ros/moveit_msgs/srv/_package_ChangeControlDimensions.lisp, /root/ws_moveit/devel/share/common-lisp/ros/moveit_msgs/srv/_package_ChangeControlDimensions.lisp)
Linked: (/root/ws_moveit/devel/.private/moveit_msgs/share/common-lisp/ros/moveit_msgs/srv/_package_QueryPlannerInterfaces.lisp, /root/ws_moveit/devel/share/common-lisp/ros/moveit_msgs/srv/_package_QueryPlannerInterfaces.lisp)
Linked: (/root/ws_moveit/devel/.private/moveit_msgs/share/common-lisp/ros/moveit_msgs/srv/SaveMap.lisp, /root/ws_moveit/devel/share/common-lisp/ros/moveit_msgs/srv/SaveMap.lisp)
Linked: (/root/ws_moveit/devel/.private/moveit_msgs/share/common-lisp/ros/moveit_msgs/srv/_package_GraspPlanning.lisp, /root/ws_moveit/devel/share/common-lisp/ros/moveit_msgs/srv/_package_GraspPlanning.lisp)
Linked: (/root/ws_moveit/devel/.private/moveit_msgs/share/common-lisp/ros/moveit_msgs/srv/SaveRobotStateToWarehouse.lisp, /root/ws_moveit/devel/share/common-lisp/ros/moveit_msgs/srv/SaveRobotStateToWarehouse.lisp)
Linked: (/root/ws_moveit/devel/.private/moveit_msgs/share/common-lisp/ros/moveit_msgs/srv/DeleteRobotStateFromWarehouse.lisp, /root/ws_moveit/devel/share/common-lisp/ros/moveit_msgs/srv/DeleteRobotStateFromWarehouse.lisp)
Linked: (/root/ws_moveit/devel/.private/moveit_msgs/share/common-lisp/ros/moveit_msgs/srv/UpdatePointcloudOctomap.lisp, /root/ws_moveit/devel/share/common-lisp/ros/moveit_msgs/srv/UpdatePointcloudOctomap.lisp)
Linked: (/root/ws_moveit/devel/.private/moveit_msgs/share/common-lisp/ros/moveit_msgs/srv/_package_LoadMap.lisp, /root/ws_moveit/devel/share/common-lisp/ros/moveit_msgs/srv/_package_LoadMap.lisp)
Linked: (/root/ws_moveit/devel/.private/moveit_msgs/share/common-lisp/ros/moveit_msgs/srv/ListRobotStatesInWarehouse.lisp, /root/ws_moveit/devel/share/common-lisp/ros/moveit_msgs/srv/ListRobotStatesInWarehouse.lisp)
Linked: (/root/ws_moveit/devel/.private/moveit_msgs/share/common-lisp/ros/moveit_msgs/srv/GetStateValidity.lisp, /root/ws_moveit/devel/share/common-lisp/ros/moveit_msgs/srv/GetStateValidity.lisp)
Linked: (/root/ws_moveit/devel/.private/moveit_msgs/share/common-lisp/ros/moveit_msgs/srv/moveit_msgs-srv.asd, /root/ws_moveit/devel/share/common-lisp/ros/moveit_msgs/srv/moveit_msgs-srv.asd)
Linked: (/root/ws_moveit/devel/.private/moveit_msgs/share/common-lisp/ros/moveit_msgs/srv/_package_SaveRobotStateToWarehouse.lisp, /root/ws_moveit/devel/share/common-lisp/ros/moveit_msgs/srv/_package_SaveRobotStateToWarehouse.lisp)
Linked: (/root/ws_moveit/devel/.private/moveit_msgs/share/common-lisp/ros/moveit_msgs/srv/_package_GetPlannerParams.lisp, /root/ws_moveit/devel/share/common-lisp/ros/moveit_msgs/srv/_package_GetPlannerParams.lisp)
Linked: (/root/ws_moveit/devel/.private/moveit_msgs/share/common-lisp/ros/moveit_msgs/srv/GetPositionFK.lisp, /root/ws_moveit/devel/share/common-lisp/ros/moveit_msgs/srv/GetPositionFK.lisp)
Linked: (/root/ws_moveit/devel/.private/moveit_msgs/share/common-lisp/ros/moveit_msgs/srv/_package_SetPlannerParams.lisp, /root/ws_moveit/devel/share/common-lisp/ros/moveit_msgs/srv/_package_SetPlannerParams.lisp)
Linked: (/root/ws_moveit/devel/.private/moveit_msgs/share/common-lisp/ros/moveit_msgs/srv/_package_GetRobotStateFromWarehouse.lisp, /root/ws_moveit/devel/share/common-lisp/ros/moveit_msgs/srv/_package_GetRobotStateFromWarehouse.lisp)
Linked: (/root/ws_moveit/devel/.private/moveit_msgs/share/common-lisp/ros/moveit_msgs/srv/_package_ChangeDriftDimensions.lisp, /root/ws_moveit/devel/share/common-lisp/ros/moveit_msgs/srv/_package_ChangeDriftDimensions.lisp)
Linked: (/root/ws_moveit/devel/.private/moveit_msgs/share/common-lisp/ros/moveit_msgs/srv/_package_CheckIfRobotStateExistsInWarehouse.lisp, /root/ws_moveit/devel/share/common-lisp/ros/moveit_msgs/srv/_package_CheckIfRobotStateExistsInWarehouse.lisp)
Linked: (/root/ws_moveit/devel/.private/moveit_msgs/share/common-lisp/ros/moveit_msgs/srv/GetPlanningScene.lisp, /root/ws_moveit/devel/share/common-lisp/ros/moveit_msgs/srv/GetPlanningScene.lisp)
Linked: (/root/ws_moveit/devel/.private/moveit_msgs/share/common-lisp/ros/moveit_msgs/srv/ApplyPlanningScene.lisp, /root/ws_moveit/devel/share/common-lisp/ros/moveit_msgs/srv/ApplyPlanningScene.lisp)
Linked: (/root/ws_moveit/devel/.private/moveit_msgs/share/common-lisp/ros/moveit_msgs/srv/LoadMap.lisp, /root/ws_moveit/devel/share/common-lisp/ros/moveit_msgs/srv/LoadMap.lisp)
Linked: (/root/ws_moveit/devel/.private/moveit_msgs/share/common-lisp/ros/moveit_msgs/srv/_package_DeleteRobotStateFromWarehouse.lisp, /root/ws_moveit/devel/share/common-lisp/ros/moveit_msgs/srv/_package_DeleteRobotStateFromWarehouse.lisp)
Linked: (/root/ws_moveit/devel/.private/moveit_msgs/share/common-lisp/ros/moveit_msgs/srv/_package_ApplyPlanningScene.lisp, /root/ws_moveit/devel/share/common-lisp/ros/moveit_msgs/srv/_package_ApplyPlanningScene.lisp)
Linked: (/root/ws_moveit/devel/.private/moveit_msgs/share/common-lisp/ros/moveit_msgs/srv/_package_GetMotionPlan.lisp, /root/ws_moveit/devel/share/common-lisp/ros/moveit_msgs/srv/_package_GetMotionPlan.lisp)
Linked: (/root/ws_moveit/devel/.private/moveit_msgs/share/common-lisp/ros/moveit_msgs/srv/_package.lisp, /root/ws_moveit/devel/share/common-lisp/ros/moveit_msgs/srv/_package.lisp)
Linked: (/root/ws_moveit/devel/.private/moveit_msgs/share/common-lisp/ros/moveit_msgs/srv/GetMotionPlan.lisp, /root/ws_moveit/devel/share/common-lisp/ros/moveit_msgs/srv/GetMotionPlan.lisp)
Linked: (/root/ws_moveit/devel/.private/moveit_msgs/share/common-lisp/ros/moveit_msgs/srv/_package_SaveMap.lisp, /root/ws_moveit/devel/share/common-lisp/ros/moveit_msgs/srv/_package_SaveMap.lisp)
Linked: (/root/ws_moveit/devel/.private/moveit_msgs/share/common-lisp/ros/moveit_msgs/srv/QueryPlannerInterfaces.lisp, /root/ws_moveit/devel/share/common-lisp/ros/moveit_msgs/srv/QueryPlannerInterfaces.lisp)
Linked: (/root/ws_moveit/devel/.private/moveit_msgs/share/common-lisp/ros/moveit_msgs/srv/_package_GetCartesianPath.lisp, /root/ws_moveit/devel/share/common-lisp/ros/moveit_msgs/srv/_package_GetCartesianPath.lisp)
Linked: (/root/ws_moveit/devel/.private/moveit_msgs/share/common-lisp/ros/moveit_msgs/srv/GetPositionIK.lisp, /root/ws_moveit/devel/share/common-lisp/ros/moveit_msgs/srv/GetPositionIK.lisp)
Linked: (/root/ws_moveit/devel/.private/moveit_msgs/share/common-lisp/ros/moveit_msgs/srv/_package_GetPositionFK.lisp, /root/ws_moveit/devel/share/common-lisp/ros/moveit_msgs/srv/_package_GetPositionFK.lisp)
Linked: (/root/ws_moveit/devel/.private/moveit_msgs/share/common-lisp/ros/moveit_msgs/srv/_package_GetMotionSequence.lisp, /root/ws_moveit/devel/share/common-lisp/ros/moveit_msgs/srv/_package_GetMotionSequence.lisp)
Linked: (/root/ws_moveit/devel/.private/moveit_msgs/share/common-lisp/ros/moveit_msgs/srv/SetPlannerParams.lisp, /root/ws_moveit/devel/share/common-lisp/ros/moveit_msgs/srv/SetPlannerParams.lisp)
Linked: (/root/ws_moveit/devel/.private/moveit_msgs/share/common-lisp/ros/moveit_msgs/srv/GetMotionSequence.lisp, /root/ws_moveit/devel/share/common-lisp/ros/moveit_msgs/srv/GetMotionSequence.lisp)
Linked: (/root/ws_moveit/devel/.private/moveit_msgs/share/common-lisp/ros/moveit_msgs/srv/_package_ExecuteKnownTrajectory.lisp, /root/ws_moveit/devel/share/common-lisp/ros/moveit_msgs/srv/_package_ExecuteKnownTrajectory.lisp)
Linked: (/root/ws_moveit/devel/.private/moveit_msgs/share/common-lisp/ros/moveit_msgs/srv/_package_RenameRobotStateInWarehouse.lisp, /root/ws_moveit/devel/share/common-lisp/ros/moveit_msgs/srv/_package_RenameRobotStateInWarehouse.lisp)
Linked: (/root/ws_moveit/devel/.private/moveit_msgs/share/common-lisp/ros/moveit_msgs/srv/RenameRobotStateInWarehouse.lisp, /root/ws_moveit/devel/share/common-lisp/ros/moveit_msgs/srv/RenameRobotStateInWarehouse.lisp)
Linked: (/root/ws_moveit/devel/.private/moveit_msgs/share/common-lisp/ros/moveit_msgs/srv/GraspPlanning.lisp, /root/ws_moveit/devel/share/common-lisp/ros/moveit_msgs/srv/GraspPlanning.lisp)
Linked: (/root/ws_moveit/devel/.private/moveit_msgs/share/common-lisp/ros/moveit_msgs/srv/_package_GetStateValidity.lisp, /root/ws_moveit/devel/share/common-lisp/ros/moveit_msgs/srv/_package_GetStateValidity.lisp)
Linked: (/root/ws_moveit/devel/.private/moveit_msgs/share/common-lisp/ros/moveit_msgs/srv/GetPlannerParams.lisp, /root/ws_moveit/devel/share/common-lisp/ros/moveit_msgs/srv/GetPlannerParams.lisp)
Linked: (/root/ws_moveit/devel/.private/moveit_msgs/share/common-lisp/ros/moveit_msgs/srv/CheckIfRobotStateExistsInWarehouse.lisp, /root/ws_moveit/devel/share/common-lisp/ros/moveit_msgs/srv/CheckIfRobotStateExistsInWarehouse.lisp)
Linked: (/root/ws_moveit/devel/.private/moveit_msgs/share/common-lisp/ros/moveit_msgs/srv/_package_GetPlanningScene.lisp, /root/ws_moveit/devel/share/common-lisp/ros/moveit_msgs/srv/_package_GetPlanningScene.lisp)
Linked: (/root/ws_moveit/devel/.private/moveit_msgs/share/common-lisp/ros/moveit_msgs/srv/ChangeControlDimensions.lisp, /root/ws_moveit/devel/share/common-lisp/ros/moveit_msgs/srv/ChangeControlDimensions.lisp)
Linked: (/root/ws_moveit/devel/.private/moveit_msgs/share/common-lisp/ros/moveit_msgs/srv/ChangeDriftDimensions.lisp, /root/ws_moveit/devel/share/common-lisp/ros/moveit_msgs/srv/ChangeDriftDimensions.lisp)
Linked: (/root/ws_moveit/devel/.private/moveit_msgs/share/common-lisp/ros/moveit_msgs/srv/GetCartesianPath.lisp, /root/ws_moveit/devel/share/common-lisp/ros/moveit_msgs/srv/GetCartesianPath.lisp)
Linked: (/root/ws_moveit/devel/.private/moveit_msgs/share/common-lisp/ros/moveit_msgs/srv/GetRobotStateFromWarehouse.lisp, /root/ws_moveit/devel/share/common-lisp/ros/moveit_msgs/srv/GetRobotStateFromWarehouse.lisp)
Linked: (/root/ws_moveit/devel/.private/moveit_msgs/share/common-lisp/ros/moveit_msgs/srv/_package_UpdatePointcloudOctomap.lisp, /root/ws_moveit/devel/share/common-lisp/ros/moveit_msgs/srv/_package_UpdatePointcloudOctomap.lisp)
Linked: (/root/ws_moveit/devel/.private/moveit_msgs/share/common-lisp/ros/moveit_msgs/srv/_package_GetPositionIK.lisp, /root/ws_moveit/devel/share/common-lisp/ros/moveit_msgs/srv/_package_GetPositionIK.lisp)
Linked: (/root/ws_moveit/devel/.private/moveit_msgs/share/common-lisp/ros/moveit_msgs/srv/ExecuteKnownTrajectory.lisp, /root/ws_moveit/devel/share/common-lisp/ros/moveit_msgs/srv/ExecuteKnownTrajectory.lisp)
Linked: (/root/ws_moveit/devel/.private/moveit_msgs/share/common-lisp/ros/moveit_msgs/msg/ExecuteTrajectoryActionGoal.lisp, /root/ws_moveit/devel/share/common-lisp/ros/moveit_msgs/msg/ExecuteTrajectoryActionGoal.lisp)
Linked: (/root/ws_moveit/devel/.private/moveit_msgs/share/common-lisp/ros/moveit_msgs/msg/PlaceActionGoal.lisp, /root/ws_moveit/devel/share/common-lisp/ros/moveit_msgs/msg/PlaceActionGoal.lisp)
Linked: (/root/ws_moveit/devel/.private/moveit_msgs/share/common-lisp/ros/moveit_msgs/msg/_package_PlanningSceneWorld.lisp, /root/ws_moveit/devel/share/common-lisp/ros/moveit_msgs/msg/_package_PlanningSceneWorld.lisp)
Linked: (/root/ws_moveit/devel/.private/moveit_msgs/share/common-lisp/ros/moveit_msgs/msg/_package_BoundingVolume.lisp, /root/ws_moveit/devel/share/common-lisp/ros/moveit_msgs/msg/_package_BoundingVolume.lisp)
Linked: (/root/ws_moveit/devel/.private/moveit_msgs/share/common-lisp/ros/moveit_msgs/msg/PlannerInterfaceDescription.lisp, /root/ws_moveit/devel/share/common-lisp/ros/moveit_msgs/msg/PlannerInterfaceDescription.lisp)
Linked: (/root/ws_moveit/devel/.private/moveit_msgs/share/common-lisp/ros/moveit_msgs/msg/CostSource.lisp, /root/ws_moveit/devel/share/common-lisp/ros/moveit_msgs/msg/CostSource.lisp)
Linked: (/root/ws_moveit/devel/.private/moveit_msgs/share/common-lisp/ros/moveit_msgs/msg/moveit_msgs-msg.asd, /root/ws_moveit/devel/share/common-lisp/ros/moveit_msgs/msg/moveit_msgs-msg.asd)
Linked: (/root/ws_moveit/devel/.private/moveit_msgs/share/common-lisp/ros/moveit_msgs/msg/MoveGroupResult.lisp, /root/ws_moveit/devel/share/common-lisp/ros/moveit_msgs/msg/MoveGroupResult.lisp)
Linked: (/root/ws_moveit/devel/.private/moveit_msgs/share/common-lisp/ros/moveit_msgs/msg/MotionSequenceItem.lisp, /root/ws_moveit/devel/share/common-lisp/ros/moveit_msgs/msg/MotionSequenceItem.lisp)
Linked: (/root/ws_moveit/devel/.private/moveit_msgs/share/common-lisp/ros/moveit_msgs/msg/PlaceFeedback.lisp, /root/ws_moveit/devel/share/common-lisp/ros/moveit_msgs/msg/PlaceFeedback.lisp)
Linked: (/root/ws_moveit/devel/.private/moveit_msgs/share/common-lisp/ros/moveit_msgs/msg/_package_ExecuteTrajectoryActionFeedback.lisp, /root/ws_moveit/devel/share/common-lisp/ros/moveit_msgs/msg/_package_ExecuteTrajectoryActionFeedback.lisp)
Linked: (/root/ws_moveit/devel/.private/moveit_msgs/share/common-lisp/ros/moveit_msgs/msg/MoveGroupSequenceActionFeedback.lisp, /root/ws_moveit/devel/share/common-lisp/ros/moveit_msgs/msg/MoveGroupSequenceActionFeedback.lisp)
Linked: (/root/ws_moveit/devel/.private/moveit_msgs/share/common-lisp/ros/moveit_msgs/msg/_package_ExecuteTrajectoryActionGoal.lisp, /root/ws_moveit/devel/share/common-lisp/ros/moveit_msgs/msg/_package_ExecuteTrajectoryActionGoal.lisp)
Linked: (/root/ws_moveit/devel/.private/moveit_msgs/share/common-lisp/ros/moveit_msgs/msg/_package_ExecuteTrajectoryGoal.lisp, /root/ws_moveit/devel/share/common-lisp/ros/moveit_msgs/msg/_package_ExecuteTrajectoryGoal.lisp)
Linked: (/root/ws_moveit/devel/.private/moveit_msgs/share/common-lisp/ros/moveit_msgs/msg/PickupFeedback.lisp, /root/ws_moveit/devel/share/common-lisp/ros/moveit_msgs/msg/PickupFeedback.lisp)
Linked: (/root/ws_moveit/devel/.private/moveit_msgs/share/common-lisp/ros/moveit_msgs/msg/_package_MoveGroupActionGoal.lisp, /root/ws_moveit/devel/share/common-lisp/ros/moveit_msgs/msg/_package_MoveGroupActionGoal.lisp)
Linked: (/root/ws_moveit/devel/.private/moveit_msgs/share/common-lisp/ros/moveit_msgs/msg/_package_MoveGroupSequenceResult.lisp, /root/ws_moveit/devel/share/common-lisp/ros/moveit_msgs/msg/_package_MoveGroupSequenceResult.lisp)
Linked: (/root/ws_moveit/devel/.private/moveit_msgs/share/common-lisp/ros/moveit_msgs/msg/_package_MoveGroupResult.lisp, /root/ws_moveit/devel/share/common-lisp/ros/moveit_msgs/msg/_package_MoveGroupResult.lisp)
Linked: (/root/ws_moveit/devel/.private/moveit_msgs/share/common-lisp/ros/moveit_msgs/msg/_package_MotionSequenceRequest.lisp, /root/ws_moveit/devel/share/common-lisp/ros/moveit_msgs/msg/_package_MotionSequenceRequest.lisp)
Linked: (/root/ws_moveit/devel/.private/moveit_msgs/share/common-lisp/ros/moveit_msgs/msg/_package_PickupGoal.lisp, /root/ws_moveit/devel/share/common-lisp/ros/moveit_msgs/msg/_package_PickupGoal.lisp)
Linked: (/root/ws_moveit/devel/.private/moveit_msgs/share/common-lisp/ros/moveit_msgs/msg/ObjectColor.lisp, /root/ws_moveit/devel/share/common-lisp/ros/moveit_msgs/msg/ObjectColor.lisp)
Linked: (/root/ws_moveit/devel/.private/moveit_msgs/share/common-lisp/ros/moveit_msgs/msg/PickupActionGoal.lisp, /root/ws_moveit/devel/share/common-lisp/ros/moveit_msgs/msg/PickupActionGoal.lisp)
Linked: (/root/ws_moveit/devel/.private/moveit_msgs/share/common-lisp/ros/moveit_msgs/msg/MoveGroupAction.lisp, /root/ws_moveit/devel/share/common-lisp/ros/moveit_msgs/msg/MoveGroupAction.lisp)
Linked: (/root/ws_moveit/devel/.private/moveit_msgs/share/common-lisp/ros/moveit_msgs/msg/Constraints.lisp, /root/ws_moveit/devel/share/common-lisp/ros/moveit_msgs/msg/Constraints.lisp)
Linked: (/root/ws_moveit/devel/.private/moveit_msgs/share/common-lisp/ros/moveit_msgs/msg/PositionIKRequest.lisp, /root/ws_moveit/devel/share/common-lisp/ros/moveit_msgs/msg/PositionIKRequest.lisp)
Linked: (/root/ws_moveit/devel/.private/moveit_msgs/share/common-lisp/ros/moveit_msgs/msg/PlaceActionFeedback.lisp, /root/ws_moveit/devel/share/common-lisp/ros/moveit_msgs/msg/PlaceActionFeedback.lisp)
Linked: (/root/ws_moveit/devel/.private/moveit_msgs/share/common-lisp/ros/moveit_msgs/msg/PlannerParams.lisp, /root/ws_moveit/devel/share/common-lisp/ros/moveit_msgs/msg/PlannerParams.lisp)
Linked: (/root/ws_moveit/devel/.private/moveit_msgs/share/common-lisp/ros/moveit_msgs/msg/_package_Constraints.lisp, /root/ws_moveit/devel/share/common-lisp/ros/moveit_msgs/msg/_package_Constraints.lisp)
Linked: (/root/ws_moveit/devel/.private/moveit_msgs/share/common-lisp/ros/moveit_msgs/msg/_package_PickupActionGoal.lisp, /root/ws_moveit/devel/share/common-lisp/ros/moveit_msgs/msg/_package_PickupActionGoal.lisp)
Linked: (/root/ws_moveit/devel/.private/moveit_msgs/share/common-lisp/ros/moveit_msgs/msg/AttachedCollisionObject.lisp, /root/ws_moveit/devel/share/common-lisp/ros/moveit_msgs/msg/AttachedCollisionObject.lisp)
Linked: (/root/ws_moveit/devel/.private/moveit_msgs/share/common-lisp/ros/moveit_msgs/msg/JointConstraint.lisp, /root/ws_moveit/devel/share/common-lisp/ros/moveit_msgs/msg/JointConstraint.lisp)
Linked: (/root/ws_moveit/devel/.private/moveit_msgs/share/common-lisp/ros/moveit_msgs/msg/_package_CartesianTrajectoryPoint.lisp, /root/ws_moveit/devel/share/common-lisp/ros/moveit_msgs/msg/_package_CartesianTrajectoryPoint.lisp)
Linked: (/root/ws_moveit/devel/.private/moveit_msgs/share/common-lisp/ros/moveit_msgs/msg/_package_TrajectoryConstraints.lisp, /root/ws_moveit/devel/share/common-lisp/ros/moveit_msgs/msg/_package_TrajectoryConstraints.lisp)
Linked: (/root/ws_moveit/devel/.private/moveit_msgs/share/common-lisp/ros/moveit_msgs/msg/_package_RobotState.lisp, /root/ws_moveit/devel/share/common-lisp/ros/moveit_msgs/msg/_package_RobotState.lisp)
Linked: (/root/ws_moveit/devel/.private/moveit_msgs/share/common-lisp/ros/moveit_msgs/msg/GripperTranslation.lisp, /root/ws_moveit/devel/share/common-lisp/ros/moveit_msgs/msg/GripperTranslation.lisp)
Linked: (/root/ws_moveit/devel/.private/moveit_msgs/share/common-lisp/ros/moveit_msgs/msg/ConstraintEvalResult.lisp, /root/ws_moveit/devel/share/common-lisp/ros/moveit_msgs/msg/ConstraintEvalResult.lisp)
Linked: (/root/ws_moveit/devel/.private/moveit_msgs/share/common-lisp/ros/moveit_msgs/msg/PlanningScene.lisp, /root/ws_moveit/devel/share/common-lisp/ros/moveit_msgs/msg/PlanningScene.lisp)
Linked: (/root/ws_moveit/devel/.private/moveit_msgs/share/common-lisp/ros/moveit_msgs/msg/_package_OrientationConstraint.lisp, /root/ws_moveit/devel/share/common-lisp/ros/moveit_msgs/msg/_package_OrientationConstraint.lisp)
Linked: (/root/ws_moveit/devel/.private/moveit_msgs/share/common-lisp/ros/moveit_msgs/msg/_package_LinkScale.lisp, /root/ws_moveit/devel/share/common-lisp/ros/moveit_msgs/msg/_package_LinkScale.lisp)
Linked: (/root/ws_moveit/devel/.private/moveit_msgs/share/common-lisp/ros/moveit_msgs/msg/LinkPadding.lisp, /root/ws_moveit/devel/share/common-lisp/ros/moveit_msgs/msg/LinkPadding.lisp)
Linked: (/root/ws_moveit/devel/.private/moveit_msgs/share/common-lisp/ros/moveit_msgs/msg/_package_PickupAction.lisp, /root/ws_moveit/devel/share/common-lisp/ros/moveit_msgs/msg/_package_PickupAction.lisp)
Linked: (/root/ws_moveit/devel/.private/moveit_msgs/share/common-lisp/ros/moveit_msgs/msg/_package_MoveItErrorCodes.lisp, /root/ws_moveit/devel/share/common-lisp/ros/moveit_msgs/msg/_package_MoveItErrorCodes.lisp)
Linked: (/root/ws_moveit/devel/.private/moveit_msgs/share/common-lisp/ros/moveit_msgs/msg/LinkScale.lisp, /root/ws_moveit/devel/share/common-lisp/ros/moveit_msgs/msg/LinkScale.lisp)
Linked: (/root/ws_moveit/devel/.private/moveit_msgs/share/common-lisp/ros/moveit_msgs/msg/_package_CollisionObject.lisp, /root/ws_moveit/devel/share/common-lisp/ros/moveit_msgs/msg/_package_CollisionObject.lisp)
Linked: (/root/ws_moveit/devel/.private/moveit_msgs/share/common-lisp/ros/moveit_msgs/msg/_package_MoveGroupGoal.lisp, /root/ws_moveit/devel/share/common-lisp/ros/moveit_msgs/msg/_package_MoveGroupGoal.lisp)
Linked: (/root/ws_moveit/devel/.private/moveit_msgs/share/common-lisp/ros/moveit_msgs/msg/_package_Grasp.lisp, /root/ws_moveit/devel/share/common-lisp/ros/moveit_msgs/msg/_package_Grasp.lisp)
Linked: (/root/ws_moveit/devel/.private/moveit_msgs/share/common-lisp/ros/moveit_msgs/msg/RobotTrajectory.lisp, /root/ws_moveit/devel/share/common-lisp/ros/moveit_msgs/msg/RobotTrajectory.lisp)
Linked: (/root/ws_moveit/devel/.private/moveit_msgs/share/common-lisp/ros/moveit_msgs/msg/_package_GenericTrajectory.lisp, /root/ws_moveit/devel/share/common-lisp/ros/moveit_msgs/msg/_package_GenericTrajectory.lisp)
Linked: (/root/ws_moveit/devel/.private/moveit_msgs/share/common-lisp/ros/moveit_msgs/msg/_package_PlaceResult.lisp, /root/ws_moveit/devel/share/common-lisp/ros/moveit_msgs/msg/_package_PlaceResult.lisp)
Linked: (/root/ws_moveit/devel/.private/moveit_msgs/share/common-lisp/ros/moveit_msgs/msg/_package_AllowedCollisionMatrix.lisp, /root/ws_moveit/devel/share/common-lisp/ros/moveit_msgs/msg/_package_AllowedCollisionMatrix.lisp)
Linked: (/root/ws_moveit/devel/.private/moveit_msgs/share/common-lisp/ros/moveit_msgs/msg/_package_PlanningOptions.lisp, /root/ws_moveit/devel/share/common-lisp/ros/moveit_msgs/msg/_package_PlanningOptions.lisp)
Linked: (/root/ws_moveit/devel/.private/moveit_msgs/share/common-lisp/ros/moveit_msgs/msg/_package_LinkPadding.lisp, /root/ws_moveit/devel/share/common-lisp/ros/moveit_msgs/msg/_package_LinkPadding.lisp)
Linked: (/root/ws_moveit/devel/.private/moveit_msgs/share/common-lisp/ros/moveit_msgs/msg/_package_CartesianPoint.lisp, /root/ws_moveit/devel/share/common-lisp/ros/moveit_msgs/msg/_package_CartesianPoint.lisp)
Linked: (/root/ws_moveit/devel/.private/moveit_msgs/share/common-lisp/ros/moveit_msgs/msg/ExecuteTrajectoryAction.lisp, /root/ws_moveit/devel/share/common-lisp/ros/moveit_msgs/msg/ExecuteTrajectoryAction.lisp)
Linked: (/root/ws_moveit/devel/.private/moveit_msgs/share/common-lisp/ros/moveit_msgs/msg/ExecuteTrajectoryActionResult.lisp, /root/ws_moveit/devel/share/common-lisp/ros/moveit_msgs/msg/ExecuteTrajectoryActionResult.lisp)
Linked: (/root/ws_moveit/devel/.private/moveit_msgs/share/common-lisp/ros/moveit_msgs/msg/_package_VisibilityConstraint.lisp, /root/ws_moveit/devel/share/common-lisp/ros/moveit_msgs/msg/_package_VisibilityConstraint.lisp)
Linked: (/root/ws_moveit/devel/.private/moveit_msgs/share/common-lisp/ros/moveit_msgs/msg/_package_KinematicSolverInfo.lisp, /root/ws_moveit/devel/share/common-lisp/ros/moveit_msgs/msg/_package_KinematicSolverInfo.lisp)
Linked: (/root/ws_moveit/devel/.private/moveit_msgs/share/common-lisp/ros/moveit_msgs/msg/ExecuteTrajectoryActionFeedback.lisp, /root/ws_moveit/devel/share/common-lisp/ros/moveit_msgs/msg/ExecuteTrajectoryActionFeedback.lisp)
Linked: (/root/ws_moveit/devel/.private/moveit_msgs/share/common-lisp/ros/moveit_msgs/msg/_package_CostSource.lisp, /root/ws_moveit/devel/share/common-lisp/ros/moveit_msgs/msg/_package_CostSource.lisp)
Linked: (/root/ws_moveit/devel/.private/moveit_msgs/share/common-lisp/ros/moveit_msgs/msg/_package_PlaceFeedback.lisp, /root/ws_moveit/devel/share/common-lisp/ros/moveit_msgs/msg/_package_PlaceFeedback.lisp)
Linked: (/root/ws_moveit/devel/.private/moveit_msgs/share/common-lisp/ros/moveit_msgs/msg/OrientationConstraint.lisp, /root/ws_moveit/devel/share/common-lisp/ros/moveit_msgs/msg/OrientationConstraint.lisp)
Linked: (/root/ws_moveit/devel/.private/moveit_msgs/share/common-lisp/ros/moveit_msgs/msg/ExecuteTrajectoryResult.lisp, /root/ws_moveit/devel/share/common-lisp/ros/moveit_msgs/msg/ExecuteTrajectoryResult.lisp)
Linked: (/root/ws_moveit/devel/.private/moveit_msgs/share/common-lisp/ros/moveit_msgs/msg/_package_MotionSequenceItem.lisp, /root/ws_moveit/devel/share/common-lisp/ros/moveit_msgs/msg/_package_MotionSequenceItem.lisp)
Linked: (/root/ws_moveit/devel/.private/moveit_msgs/share/common-lisp/ros/moveit_msgs/msg/_package_PlannerParams.lisp, /root/ws_moveit/devel/share/common-lisp/ros/moveit_msgs/msg/_package_PlannerParams.lisp)
Linked: (/root/ws_moveit/devel/.private/moveit_msgs/share/common-lisp/ros/moveit_msgs/msg/CartesianTrajectory.lisp, /root/ws_moveit/devel/share/common-lisp/ros/moveit_msgs/msg/CartesianTrajectory.lisp)
Linked: (/root/ws_moveit/devel/.private/moveit_msgs/share/common-lisp/ros/moveit_msgs/msg/AllowedCollisionMatrix.lisp, /root/ws_moveit/devel/share/common-lisp/ros/moveit_msgs/msg/AllowedCollisionMatrix.lisp)
Linked: (/root/ws_moveit/devel/.private/moveit_msgs/share/common-lisp/ros/moveit_msgs/msg/_package_PlanningScene.lisp, /root/ws_moveit/devel/share/common-lisp/ros/moveit_msgs/msg/_package_PlanningScene.lisp)
Linked: (/root/ws_moveit/devel/.private/moveit_msgs/share/common-lisp/ros/moveit_msgs/msg/MoveGroupActionGoal.lisp, /root/ws_moveit/devel/share/common-lisp/ros/moveit_msgs/msg/MoveGroupActionGoal.lisp)
Linked: (/root/ws_moveit/devel/.private/moveit_msgs/share/common-lisp/ros/moveit_msgs/msg/_package_PositionIKRequest.lisp, /root/ws_moveit/devel/share/common-lisp/ros/moveit_msgs/msg/_package_PositionIKRequest.lisp)
Linked: (/root/ws_moveit/devel/.private/moveit_msgs/share/common-lisp/ros/moveit_msgs/msg/AllowedCollisionEntry.lisp, /root/ws_moveit/devel/share/common-lisp/ros/moveit_msgs/msg/AllowedCollisionEntry.lisp)
Linked: (/root/ws_moveit/devel/.private/moveit_msgs/share/common-lisp/ros/moveit_msgs/msg/VisibilityConstraint.lisp, /root/ws_moveit/devel/share/common-lisp/ros/moveit_msgs/msg/VisibilityConstraint.lisp)
Linked: (/root/ws_moveit/devel/.private/moveit_msgs/share/common-lisp/ros/moveit_msgs/msg/MotionPlanRequest.lisp, /root/ws_moveit/devel/share/common-lisp/ros/moveit_msgs/msg/MotionPlanRequest.lisp)
Linked: (/root/ws_moveit/devel/.private/moveit_msgs/share/common-lisp/ros/moveit_msgs/msg/ExecuteTrajectoryFeedback.lisp, /root/ws_moveit/devel/share/common-lisp/ros/moveit_msgs/msg/ExecuteTrajectoryFeedback.lisp)
Linked: (/root/ws_moveit/devel/.private/moveit_msgs/share/common-lisp/ros/moveit_msgs/msg/MoveGroupSequenceGoal.lisp, /root/ws_moveit/devel/share/common-lisp/ros/moveit_msgs/msg/MoveGroupSequenceGoal.lisp)
Linked: (/root/ws_moveit/devel/.private/moveit_msgs/share/common-lisp/ros/moveit_msgs/msg/_package_PickupActionFeedback.lisp, /root/ws_moveit/devel/share/common-lisp/ros/moveit_msgs/msg/_package_PickupActionFeedback.lisp)
Linked: (/root/ws_moveit/devel/.private/moveit_msgs/share/common-lisp/ros/moveit_msgs/msg/JointLimits.lisp, /root/ws_moveit/devel/share/common-lisp/ros/moveit_msgs/msg/JointLimits.lisp)
Linked: (/root/ws_moveit/devel/.private/moveit_msgs/share/common-lisp/ros/moveit_msgs/msg/_package_MoveGroupSequenceAction.lisp, /root/ws_moveit/devel/share/common-lisp/ros/moveit_msgs/msg/_package_MoveGroupSequenceAction.lisp)
Linked: (/root/ws_moveit/devel/.private/moveit_msgs/share/common-lisp/ros/moveit_msgs/msg/_package_CartesianTrajectory.lisp, /root/ws_moveit/devel/share/common-lisp/ros/moveit_msgs/msg/_package_CartesianTrajectory.lisp)
Linked: (/root/ws_moveit/devel/.private/moveit_msgs/share/common-lisp/ros/moveit_msgs/msg/MoveGroupActionResult.lisp, /root/ws_moveit/devel/share/common-lisp/ros/moveit_msgs/msg/MoveGroupActionResult.lisp)
Linked: (/root/ws_moveit/devel/.private/moveit_msgs/share/common-lisp/ros/moveit_msgs/msg/_package_PositionConstraint.lisp, /root/ws_moveit/devel/share/common-lisp/ros/moveit_msgs/msg/_package_PositionConstraint.lisp)
Linked: (/root/ws_moveit/devel/.private/moveit_msgs/share/common-lisp/ros/moveit_msgs/msg/_package_DisplayTrajectory.lisp, /root/ws_moveit/devel/share/common-lisp/ros/moveit_msgs/msg/_package_DisplayTrajectory.lisp)
Linked: (/root/ws_moveit/devel/.private/moveit_msgs/share/common-lisp/ros/moveit_msgs/msg/_package_ExecuteTrajectoryResult.lisp, /root/ws_moveit/devel/share/common-lisp/ros/moveit_msgs/msg/_package_ExecuteTrajectoryResult.lisp)
Linked: (/root/ws_moveit/devel/.private/moveit_msgs/share/common-lisp/ros/moveit_msgs/msg/_package.lisp, /root/ws_moveit/devel/share/common-lisp/ros/moveit_msgs/msg/_package.lisp)
Linked: (/root/ws_moveit/devel/.private/moveit_msgs/share/common-lisp/ros/moveit_msgs/msg/_package_WorkspaceParameters.lisp, /root/ws_moveit/devel/share/common-lisp/ros/moveit_msgs/msg/_package_WorkspaceParameters.lisp)
Linked: (/root/ws_moveit/devel/.private/moveit_msgs/share/common-lisp/ros/moveit_msgs/msg/PlanningOptions.lisp, /root/ws_moveit/devel/share/common-lisp/ros/moveit_msgs/msg/PlanningOptions.lisp)
Linked: (/root/ws_moveit/devel/.private/moveit_msgs/share/common-lisp/ros/moveit_msgs/msg/_package_MotionPlanResponse.lisp, /root/ws_moveit/devel/share/common-lisp/ros/moveit_msgs/msg/_package_MotionPlanResponse.lisp)
Linked: (/root/ws_moveit/devel/.private/moveit_msgs/share/common-lisp/ros/moveit_msgs/msg/PickupActionResult.lisp, /root/ws_moveit/devel/share/common-lisp/ros/moveit_msgs/msg/PickupActionResult.lisp)
Linked: (/root/ws_moveit/devel/.private/moveit_msgs/share/common-lisp/ros/moveit_msgs/msg/_package_PickupFeedback.lisp, /root/ws_moveit/devel/share/common-lisp/ros/moveit_msgs/msg/_package_PickupFeedback.lisp)
Linked: (/root/ws_moveit/devel/.private/moveit_msgs/share/common-lisp/ros/moveit_msgs/msg/PlanningSceneWorld.lisp, /root/ws_moveit/devel/share/common-lisp/ros/moveit_msgs/msg/PlanningSceneWorld.lisp)
Linked: (/root/ws_moveit/devel/.private/moveit_msgs/share/common-lisp/ros/moveit_msgs/msg/_package_AllowedCollisionEntry.lisp, /root/ws_moveit/devel/share/common-lisp/ros/moveit_msgs/msg/_package_AllowedCollisionEntry.lisp)
Linked: (/root/ws_moveit/devel/.private/moveit_msgs/share/common-lisp/ros/moveit_msgs/msg/PickupAction.lisp, /root/ws_moveit/devel/share/common-lisp/ros/moveit_msgs/msg/PickupAction.lisp)
Linked: (/root/ws_moveit/devel/.private/moveit_msgs/share/common-lisp/ros/moveit_msgs/msg/_package_PlanningSceneComponents.lisp, /root/ws_moveit/devel/share/common-lisp/ros/moveit_msgs/msg/_package_PlanningSceneComponents.lisp)
Linked: (/root/ws_moveit/devel/.private/moveit_msgs/share/common-lisp/ros/moveit_msgs/msg/PlaceGoal.lisp, /root/ws_moveit/devel/share/common-lisp/ros/moveit_msgs/msg/PlaceGoal.lisp)
Linked: (/root/ws_moveit/devel/.private/moveit_msgs/share/common-lisp/ros/moveit_msgs/msg/_package_ExecuteTrajectoryActionResult.lisp, /root/ws_moveit/devel/share/common-lisp/ros/moveit_msgs/msg/_package_ExecuteTrajectoryActionResult.lisp)
Linked: (/root/ws_moveit/devel/.private/moveit_msgs/share/common-lisp/ros/moveit_msgs/msg/MoveGroupActionFeedback.lisp, /root/ws_moveit/devel/share/common-lisp/ros/moveit_msgs/msg/MoveGroupActionFeedback.lisp)
Linked: (/root/ws_moveit/devel/.private/moveit_msgs/share/common-lisp/ros/moveit_msgs/msg/MoveGroupSequenceFeedback.lisp, /root/ws_moveit/devel/share/common-lisp/ros/moveit_msgs/msg/MoveGroupSequenceFeedback.lisp)
Linked: (/root/ws_moveit/devel/.private/moveit_msgs/share/common-lisp/ros/moveit_msgs/msg/DisplayRobotState.lisp, /root/ws_moveit/devel/share/common-lisp/ros/moveit_msgs/msg/DisplayRobotState.lisp)
Linked: (/root/ws_moveit/devel/.private/moveit_msgs/share/common-lisp/ros/moveit_msgs/msg/PickupGoal.lisp, /root/ws_moveit/devel/share/common-lisp/ros/moveit_msgs/msg/PickupGoal.lisp)
Linked: (/root/ws_moveit/devel/.private/moveit_msgs/share/common-lisp/ros/moveit_msgs/msg/MotionSequenceRequest.lisp, /root/ws_moveit/devel/share/common-lisp/ros/moveit_msgs/msg/MotionSequenceRequest.lisp)
Linked: (/root/ws_moveit/devel/.private/moveit_msgs/share/common-lisp/ros/moveit_msgs/msg/PlaceResult.lisp, /root/ws_moveit/devel/share/common-lisp/ros/moveit_msgs/msg/PlaceResult.lisp)
Linked: (/root/ws_moveit/devel/.private/moveit_msgs/share/common-lisp/ros/moveit_msgs/msg/_package_GripperTranslation.lisp, /root/ws_moveit/devel/share/common-lisp/ros/moveit_msgs/msg/_package_GripperTranslation.lisp)
Linked: (/root/ws_moveit/devel/.private/moveit_msgs/share/common-lisp/ros/moveit_msgs/msg/_package_PlaceAction.lisp, /root/ws_moveit/devel/share/common-lisp/ros/moveit_msgs/msg/_package_PlaceAction.lisp)
Linked: (/root/ws_moveit/devel/.private/moveit_msgs/share/common-lisp/ros/moveit_msgs/msg/DisplayTrajectory.lisp, /root/ws_moveit/devel/share/common-lisp/ros/moveit_msgs/msg/DisplayTrajectory.lisp)
Linked: (/root/ws_moveit/devel/.private/moveit_msgs/share/common-lisp/ros/moveit_msgs/msg/KinematicSolverInfo.lisp, /root/ws_moveit/devel/share/common-lisp/ros/moveit_msgs/msg/KinematicSolverInfo.lisp)
Linked: (/root/ws_moveit/devel/.private/moveit_msgs/share/common-lisp/ros/moveit_msgs/msg/PlanningSceneComponents.lisp, /root/ws_moveit/devel/share/common-lisp/ros/moveit_msgs/msg/PlanningSceneComponents.lisp)
Linked: (/root/ws_moveit/devel/.private/moveit_msgs/share/common-lisp/ros/moveit_msgs/msg/PickupActionFeedback.lisp, /root/ws_moveit/devel/share/common-lisp/ros/moveit_msgs/msg/PickupActionFeedback.lisp)
Linked: (/root/ws_moveit/devel/.private/moveit_msgs/share/common-lisp/ros/moveit_msgs/msg/_package_JointLimits.lisp, /root/ws_moveit/devel/share/common-lisp/ros/moveit_msgs/msg/_package_JointLimits.lisp)
Linked: (/root/ws_moveit/devel/.private/moveit_msgs/share/common-lisp/ros/moveit_msgs/msg/PositionConstraint.lisp, /root/ws_moveit/devel/share/common-lisp/ros/moveit_msgs/msg/PositionConstraint.lisp)
Linked: (/root/ws_moveit/devel/.private/moveit_msgs/share/common-lisp/ros/moveit_msgs/msg/_package_RobotTrajectory.lisp, /root/ws_moveit/devel/share/common-lisp/ros/moveit_msgs/msg/_package_RobotTrajectory.lisp)
Linked: (/root/ws_moveit/devel/.private/moveit_msgs/share/common-lisp/ros/moveit_msgs/msg/OrientedBoundingBox.lisp, /root/ws_moveit/devel/share/common-lisp/ros/moveit_msgs/msg/OrientedBoundingBox.lisp)
Linked: (/root/ws_moveit/devel/.private/moveit_msgs/share/common-lisp/ros/moveit_msgs/msg/MoveGroupSequenceAction.lisp, /root/ws_moveit/devel/share/common-lisp/ros/moveit_msgs/msg/MoveGroupSequenceAction.lisp)
Linked: (/root/ws_moveit/devel/.private/moveit_msgs/share/common-lisp/ros/moveit_msgs/msg/_package_PlaceLocation.lisp, /root/ws_moveit/devel/share/common-lisp/ros/moveit_msgs/msg/_package_PlaceLocation.lisp)
Linked: (/root/ws_moveit/devel/.private/moveit_msgs/share/common-lisp/ros/moveit_msgs/msg/_package_MoveGroupSequenceActionResult.lisp, /root/ws_moveit/devel/share/common-lisp/ros/moveit_msgs/msg/_package_MoveGroupSequenceActionResult.lisp)
Linked: (/root/ws_moveit/devel/.private/moveit_msgs/share/common-lisp/ros/moveit_msgs/msg/_package_PlaceActionFeedback.lisp, /root/ws_moveit/devel/share/common-lisp/ros/moveit_msgs/msg/_package_PlaceActionFeedback.lisp)
Linked: (/root/ws_moveit/devel/.private/moveit_msgs/share/common-lisp/ros/moveit_msgs/msg/MotionSequenceResponse.lisp, /root/ws_moveit/devel/share/common-lisp/ros/moveit_msgs/msg/MotionSequenceResponse.lisp)
Linked: (/root/ws_moveit/devel/.private/moveit_msgs/share/common-lisp/ros/moveit_msgs/msg/BoundingVolume.lisp, /root/ws_moveit/devel/share/common-lisp/ros/moveit_msgs/msg/BoundingVolume.lisp)
Linked: (/root/ws_moveit/devel/.private/moveit_msgs/share/common-lisp/ros/moveit_msgs/msg/_package_MoveGroupSequenceFeedback.lisp, /root/ws_moveit/devel/share/common-lisp/ros/moveit_msgs/msg/_package_MoveGroupSequenceFeedback.lisp)
Linked: (/root/ws_moveit/devel/.private/moveit_msgs/share/common-lisp/ros/moveit_msgs/msg/MoveItErrorCodes.lisp, /root/ws_moveit/devel/share/common-lisp/ros/moveit_msgs/msg/MoveItErrorCodes.lisp)
Linked: (/root/ws_moveit/devel/.private/moveit_msgs/share/common-lisp/ros/moveit_msgs/msg/TrajectoryConstraints.lisp, /root/ws_moveit/devel/share/common-lisp/ros/moveit_msgs/msg/TrajectoryConstraints.lisp)
Linked: (/root/ws_moveit/devel/.private/moveit_msgs/share/common-lisp/ros/moveit_msgs/msg/RobotState.lisp, /root/ws_moveit/devel/share/common-lisp/ros/moveit_msgs/msg/RobotState.lisp)
Linked: (/root/ws_moveit/devel/.private/moveit_msgs/share/common-lisp/ros/moveit_msgs/msg/_package_DisplayRobotState.lisp, /root/ws_moveit/devel/share/common-lisp/ros/moveit_msgs/msg/_package_DisplayRobotState.lisp)
Linked: (/root/ws_moveit/devel/.private/moveit_msgs/share/common-lisp/ros/moveit_msgs/msg/PlaceActionResult.lisp, /root/ws_moveit/devel/share/common-lisp/ros/moveit_msgs/msg/PlaceActionResult.lisp)
Linked: (/root/ws_moveit/devel/.private/moveit_msgs/share/common-lisp/ros/moveit_msgs/msg/MoveGroupGoal.lisp, /root/ws_moveit/devel/share/common-lisp/ros/moveit_msgs/msg/MoveGroupGoal.lisp)
Linked: (/root/ws_moveit/devel/.private/moveit_msgs/share/common-lisp/ros/moveit_msgs/msg/_package_MoveGroupActionResult.lisp, /root/ws_moveit/devel/share/common-lisp/ros/moveit_msgs/msg/_package_MoveGroupActionResult.lisp)
Linked: (/root/ws_moveit/devel/.private/moveit_msgs/share/common-lisp/ros/moveit_msgs/msg/MoveGroupSequenceActionResult.lisp, /root/ws_moveit/devel/share/common-lisp/ros/moveit_msgs/msg/MoveGroupSequenceActionResult.lisp)
Linked: (/root/ws_moveit/devel/.private/moveit_msgs/share/common-lisp/ros/moveit_msgs/msg/_package_MoveGroupSequenceGoal.lisp, /root/ws_moveit/devel/share/common-lisp/ros/moveit_msgs/msg/_package_MoveGroupSequenceGoal.lisp)
Linked: (/root/ws_moveit/devel/.private/moveit_msgs/share/common-lisp/ros/moveit_msgs/msg/MoveGroupFeedback.lisp, /root/ws_moveit/devel/share/common-lisp/ros/moveit_msgs/msg/MoveGroupFeedback.lisp)
Linked: (/root/ws_moveit/devel/.private/moveit_msgs/share/common-lisp/ros/moveit_msgs/msg/PlaceAction.lisp, /root/ws_moveit/devel/share/common-lisp/ros/moveit_msgs/msg/PlaceAction.lisp)
Linked: (/root/ws_moveit/devel/.private/moveit_msgs/share/common-lisp/ros/moveit_msgs/msg/_package_AttachedCollisionObject.lisp, /root/ws_moveit/devel/share/common-lisp/ros/moveit_msgs/msg/_package_AttachedCollisionObject.lisp)
Linked: (/root/ws_moveit/devel/.private/moveit_msgs/share/common-lisp/ros/moveit_msgs/msg/PickupResult.lisp, /root/ws_moveit/devel/share/common-lisp/ros/moveit_msgs/msg/PickupResult.lisp)
Linked: (/root/ws_moveit/devel/.private/moveit_msgs/share/common-lisp/ros/moveit_msgs/msg/_package_MoveGroupFeedback.lisp, /root/ws_moveit/devel/share/common-lisp/ros/moveit_msgs/msg/_package_MoveGroupFeedback.lisp)
Linked: (/root/ws_moveit/devel/.private/moveit_msgs/share/common-lisp/ros/moveit_msgs/msg/_package_MoveGroupSequenceActionGoal.lisp, /root/ws_moveit/devel/share/common-lisp/ros/moveit_msgs/msg/_package_MoveGroupSequenceActionGoal.lisp)
Linked: (/root/ws_moveit/devel/.private/moveit_msgs/share/common-lisp/ros/moveit_msgs/msg/Grasp.lisp, /root/ws_moveit/devel/share/common-lisp/ros/moveit_msgs/msg/Grasp.lisp)
Linked: (/root/ws_moveit/devel/.private/moveit_msgs/share/common-lisp/ros/moveit_msgs/msg/MoveGroupSequenceResult.lisp, /root/ws_moveit/devel/share/common-lisp/ros/moveit_msgs/msg/MoveGroupSequenceResult.lisp)
Linked: (/root/ws_moveit/devel/.private/moveit_msgs/share/common-lisp/ros/moveit_msgs/msg/_package_PickupResult.lisp, /root/ws_moveit/devel/share/common-lisp/ros/moveit_msgs/msg/_package_PickupResult.lisp)
Linked: (/root/ws_moveit/devel/.private/moveit_msgs/share/common-lisp/ros/moveit_msgs/msg/_package_ConstraintEvalResult.lisp, /root/ws_moveit/devel/share/common-lisp/ros/moveit_msgs/msg/_package_ConstraintEvalResult.lisp)
Linked: (/root/ws_moveit/devel/.private/moveit_msgs/share/common-lisp/ros/moveit_msgs/msg/_package_MotionPlanDetailedResponse.lisp, /root/ws_moveit/devel/share/common-lisp/ros/moveit_msgs/msg/_package_MotionPlanDetailedResponse.lisp)
Linked: (/root/ws_moveit/devel/.private/moveit_msgs/share/common-lisp/ros/moveit_msgs/msg/GenericTrajectory.lisp, /root/ws_moveit/devel/share/common-lisp/ros/moveit_msgs/msg/GenericTrajectory.lisp)
Linked: (/root/ws_moveit/devel/.private/moveit_msgs/share/common-lisp/ros/moveit_msgs/msg/CartesianPoint.lisp, /root/ws_moveit/devel/share/common-lisp/ros/moveit_msgs/msg/CartesianPoint.lisp)
Linked: (/root/ws_moveit/devel/.private/moveit_msgs/share/common-lisp/ros/moveit_msgs/msg/_package_JointConstraint.lisp, /root/ws_moveit/devel/share/common-lisp/ros/moveit_msgs/msg/_package_JointConstraint.lisp)
Linked: (/root/ws_moveit/devel/.private/moveit_msgs/share/common-lisp/ros/moveit_msgs/msg/_package_MoveGroupAction.lisp, /root/ws_moveit/devel/share/common-lisp/ros/moveit_msgs/msg/_package_MoveGroupAction.lisp)
Linked: (/root/ws_moveit/devel/.private/moveit_msgs/share/common-lisp/ros/moveit_msgs/msg/_package_ExecuteTrajectoryFeedback.lisp, /root/ws_moveit/devel/share/common-lisp/ros/moveit_msgs/msg/_package_ExecuteTrajectoryFeedback.lisp)
Linked: (/root/ws_moveit/devel/.private/moveit_msgs/share/common-lisp/ros/moveit_msgs/msg/_package_PickupActionResult.lisp, /root/ws_moveit/devel/share/common-lisp/ros/moveit_msgs/msg/_package_PickupActionResult.lisp)
Linked: (/root/ws_moveit/devel/.private/moveit_msgs/share/common-lisp/ros/moveit_msgs/msg/MoveGroupSequenceActionGoal.lisp, /root/ws_moveit/devel/share/common-lisp/ros/moveit_msgs/msg/MoveGroupSequenceActionGoal.lisp)
Linked: (/root/ws_moveit/devel/.private/moveit_msgs/share/common-lisp/ros/moveit_msgs/msg/_package_ContactInformation.lisp, /root/ws_moveit/devel/share/common-lisp/ros/moveit_msgs/msg/_package_ContactInformation.lisp)
Linked: (/root/ws_moveit/devel/.private/moveit_msgs/share/common-lisp/ros/moveit_msgs/msg/_package_PlaceGoal.lisp, /root/ws_moveit/devel/share/common-lisp/ros/moveit_msgs/msg/_package_PlaceGoal.lisp)
Linked: (/root/ws_moveit/devel/.private/moveit_msgs/share/common-lisp/ros/moveit_msgs/msg/_package_ExecuteTrajectoryAction.lisp, /root/ws_moveit/devel/share/common-lisp/ros/moveit_msgs/msg/_package_ExecuteTrajectoryAction.lisp)
Linked: (/root/ws_moveit/devel/.private/moveit_msgs/share/common-lisp/ros/moveit_msgs/msg/MotionPlanDetailedResponse.lisp, /root/ws_moveit/devel/share/common-lisp/ros/moveit_msgs/msg/MotionPlanDetailedResponse.lisp)
Linked: (/root/ws_moveit/devel/.private/moveit_msgs/share/common-lisp/ros/moveit_msgs/msg/MotionPlanResponse.lisp, /root/ws_moveit/devel/share/common-lisp/ros/moveit_msgs/msg/MotionPlanResponse.lisp)
Linked: (/root/ws_moveit/devel/.private/moveit_msgs/share/common-lisp/ros/moveit_msgs/msg/_package_MotionSequenceResponse.lisp, /root/ws_moveit/devel/share/common-lisp/ros/moveit_msgs/msg/_package_MotionSequenceResponse.lisp)
Linked: (/root/ws_moveit/devel/.private/moveit_msgs/share/common-lisp/ros/moveit_msgs/msg/CartesianTrajectoryPoint.lisp, /root/ws_moveit/devel/share/common-lisp/ros/moveit_msgs/msg/CartesianTrajectoryPoint.lisp)
Linked: (/root/ws_moveit/devel/.private/moveit_msgs/share/common-lisp/ros/moveit_msgs/msg/_package_PlaceActionGoal.lisp, /root/ws_moveit/devel/share/common-lisp/ros/moveit_msgs/msg/_package_PlaceActionGoal.lisp)
Linked: (/root/ws_moveit/devel/.private/moveit_msgs/share/common-lisp/ros/moveit_msgs/msg/PlaceLocation.lisp, /root/ws_moveit/devel/share/common-lisp/ros/moveit_msgs/msg/PlaceLocation.lisp)
Linked: (/root/ws_moveit/devel/.private/moveit_msgs/share/common-lisp/ros/moveit_msgs/msg/CollisionObject.lisp, /root/ws_moveit/devel/share/common-lisp/ros/moveit_msgs/msg/CollisionObject.lisp)
Linked: (/root/ws_moveit/devel/.private/moveit_msgs/share/common-lisp/ros/moveit_msgs/msg/WorkspaceParameters.lisp, /root/ws_moveit/devel/share/common-lisp/ros/moveit_msgs/msg/WorkspaceParameters.lisp)
Linked: (/root/ws_moveit/devel/.private/moveit_msgs/share/common-lisp/ros/moveit_msgs/msg/_package_MoveGroupSequenceActionFeedback.lisp, /root/ws_moveit/devel/share/common-lisp/ros/moveit_msgs/msg/_package_MoveGroupSequenceActionFeedback.lisp)
Linked: (/root/ws_moveit/devel/.private/moveit_msgs/share/common-lisp/ros/moveit_msgs/msg/_package_ObjectColor.lisp, /root/ws_moveit/devel/share/common-lisp/ros/moveit_msgs/msg/_package_ObjectColor.lisp)
Linked: (/root/ws_moveit/devel/.private/moveit_msgs/share/common-lisp/ros/moveit_msgs/msg/_package_OrientedBoundingBox.lisp, /root/ws_moveit/devel/share/common-lisp/ros/moveit_msgs/msg/_package_OrientedBoundingBox.lisp)
Linked: (/root/ws_moveit/devel/.private/moveit_msgs/share/common-lisp/ros/moveit_msgs/msg/_package_PlaceActionResult.lisp, /root/ws_moveit/devel/share/common-lisp/ros/moveit_msgs/msg/_package_PlaceActionResult.lisp)
Linked: (/root/ws_moveit/devel/.private/moveit_msgs/share/common-lisp/ros/moveit_msgs/msg/ContactInformation.lisp, /root/ws_moveit/devel/share/common-lisp/ros/moveit_msgs/msg/ContactInformation.lisp)
Linked: (/root/ws_moveit/devel/.private/moveit_msgs/share/common-lisp/ros/moveit_msgs/msg/_package_MoveGroupActionFeedback.lisp, /root/ws_moveit/devel/share/common-lisp/ros/moveit_msgs/msg/_package_MoveGroupActionFeedback.lisp)
Linked: (/root/ws_moveit/devel/.private/moveit_msgs/share/common-lisp/ros/moveit_msgs/msg/_package_MotionPlanRequest.lisp, /root/ws_moveit/devel/share/common-lisp/ros/moveit_msgs/msg/_package_MotionPlanRequest.lisp)
Linked: (/root/ws_moveit/devel/.private/moveit_msgs/share/common-lisp/ros/moveit_msgs/msg/ExecuteTrajectoryGoal.lisp, /root/ws_moveit/devel/share/common-lisp/ros/moveit_msgs/msg/ExecuteTrajectoryGoal.lisp)
Linked: (/root/ws_moveit/devel/.private/moveit_msgs/share/common-lisp/ros/moveit_msgs/msg/_package_PlannerInterfaceDescription.lisp, /root/ws_moveit/devel/share/common-lisp/ros/moveit_msgs/msg/_package_PlannerInterfaceDescription.lisp)
Linked: (/root/ws_moveit/devel/.private/moveit_msgs/share/gennodejs/ros/moveit_msgs/_index.js, /root/ws_moveit/devel/share/gennodejs/ros/moveit_msgs/_index.js)
Linked: (/root/ws_moveit/devel/.private/moveit_msgs/share/gennodejs/ros/moveit_msgs/srv/ApplyPlanningScene.js, /root/ws_moveit/devel/share/gennodejs/ros/moveit_msgs/srv/ApplyPlanningScene.js)
Linked: (/root/ws_moveit/devel/.private/moveit_msgs/share/gennodejs/ros/moveit_msgs/srv/GetCartesianPath.js, /root/ws_moveit/devel/share/gennodejs/ros/moveit_msgs/srv/GetCartesianPath.js)
Linked: (/root/ws_moveit/devel/.private/moveit_msgs/share/gennodejs/ros/moveit_msgs/srv/GetPositionFK.js, /root/ws_moveit/devel/share/gennodejs/ros/moveit_msgs/srv/GetPositionFK.js)
Linked: (/root/ws_moveit/devel/.private/moveit_msgs/share/gennodejs/ros/moveit_msgs/srv/ChangeControlDimensions.js, /root/ws_moveit/devel/share/gennodejs/ros/moveit_msgs/srv/ChangeControlDimensions.js)
Linked: (/root/ws_moveit/devel/.private/moveit_msgs/share/gennodejs/ros/moveit_msgs/srv/LoadMap.js, /root/ws_moveit/devel/share/gennodejs/ros/moveit_msgs/srv/LoadMap.js)
Linked: (/root/ws_moveit/devel/.private/moveit_msgs/share/gennodejs/ros/moveit_msgs/srv/QueryPlannerInterfaces.js, /root/ws_moveit/devel/share/gennodejs/ros/moveit_msgs/srv/QueryPlannerInterfaces.js)
Linked: (/root/ws_moveit/devel/.private/moveit_msgs/share/gennodejs/ros/moveit_msgs/srv/_index.js, /root/ws_moveit/devel/share/gennodejs/ros/moveit_msgs/srv/_index.js)
Linked: (/root/ws_moveit/devel/.private/moveit_msgs/share/gennodejs/ros/moveit_msgs/srv/GetMotionPlan.js, /root/ws_moveit/devel/share/gennodejs/ros/moveit_msgs/srv/GetMotionPlan.js)
Linked: (/root/ws_moveit/devel/.private/moveit_msgs/share/gennodejs/ros/moveit_msgs/srv/ExecuteKnownTrajectory.js, /root/ws_moveit/devel/share/gennodejs/ros/moveit_msgs/srv/ExecuteKnownTrajectory.js)
Linked: (/root/ws_moveit/devel/.private/moveit_msgs/share/gennodejs/ros/moveit_msgs/srv/ListRobotStatesInWarehouse.js, /root/ws_moveit/devel/share/gennodejs/ros/moveit_msgs/srv/ListRobotStatesInWarehouse.js)
Linked: (/root/ws_moveit/devel/.private/moveit_msgs/share/gennodejs/ros/moveit_msgs/srv/GraspPlanning.js, /root/ws_moveit/devel/share/gennodejs/ros/moveit_msgs/srv/GraspPlanning.js)
Linked: (/root/ws_moveit/devel/.private/moveit_msgs/share/gennodejs/ros/moveit_msgs/srv/ChangeDriftDimensions.js, /root/ws_moveit/devel/share/gennodejs/ros/moveit_msgs/srv/ChangeDriftDimensions.js)
Linked: (/root/ws_moveit/devel/.private/moveit_msgs/share/gennodejs/ros/moveit_msgs/srv/DeleteRobotStateFromWarehouse.js, /root/ws_moveit/devel/share/gennodejs/ros/moveit_msgs/srv/DeleteRobotStateFromWarehouse.js)
Linked: (/root/ws_moveit/devel/.private/moveit_msgs/share/gennodejs/ros/moveit_msgs/srv/GetRobotStateFromWarehouse.js, /root/ws_moveit/devel/share/gennodejs/ros/moveit_msgs/srv/GetRobotStateFromWarehouse.js)
Linked: (/root/ws_moveit/devel/.private/moveit_msgs/share/gennodejs/ros/moveit_msgs/srv/GetPositionIK.js, /root/ws_moveit/devel/share/gennodejs/ros/moveit_msgs/srv/GetPositionIK.js)
Linked: (/root/ws_moveit/devel/.private/moveit_msgs/share/gennodejs/ros/moveit_msgs/srv/GetPlannerParams.js, /root/ws_moveit/devel/share/gennodejs/ros/moveit_msgs/srv/GetPlannerParams.js)
Linked: (/root/ws_moveit/devel/.private/moveit_msgs/share/gennodejs/ros/moveit_msgs/srv/UpdatePointcloudOctomap.js, /root/ws_moveit/devel/share/gennodejs/ros/moveit_msgs/srv/UpdatePointcloudOctomap.js)
Linked: (/root/ws_moveit/devel/.private/moveit_msgs/share/gennodejs/ros/moveit_msgs/srv/SaveMap.js, /root/ws_moveit/devel/share/gennodejs/ros/moveit_msgs/srv/SaveMap.js)
Linked: (/root/ws_moveit/devel/.private/moveit_msgs/share/gennodejs/ros/moveit_msgs/srv/RenameRobotStateInWarehouse.js, /root/ws_moveit/devel/share/gennodejs/ros/moveit_msgs/srv/RenameRobotStateInWarehouse.js)
Linked: (/root/ws_moveit/devel/.private/moveit_msgs/share/gennodejs/ros/moveit_msgs/srv/SaveRobotStateToWarehouse.js, /root/ws_moveit/devel/share/gennodejs/ros/moveit_msgs/srv/SaveRobotStateToWarehouse.js)
Linked: (/root/ws_moveit/devel/.private/moveit_msgs/share/gennodejs/ros/moveit_msgs/srv/GetStateValidity.js, /root/ws_moveit/devel/share/gennodejs/ros/moveit_msgs/srv/GetStateValidity.js)
Linked: (/root/ws_moveit/devel/.private/moveit_msgs/share/gennodejs/ros/moveit_msgs/srv/CheckIfRobotStateExistsInWarehouse.js, /root/ws_moveit/devel/share/gennodejs/ros/moveit_msgs/srv/CheckIfRobotStateExistsInWarehouse.js)
Linked: (/root/ws_moveit/devel/.private/moveit_msgs/share/gennodejs/ros/moveit_msgs/srv/GetPlanningScene.js, /root/ws_moveit/devel/share/gennodejs/ros/moveit_msgs/srv/GetPlanningScene.js)
Linked: (/root/ws_moveit/devel/.private/moveit_msgs/share/gennodejs/ros/moveit_msgs/srv/GetMotionSequence.js, /root/ws_moveit/devel/share/gennodejs/ros/moveit_msgs/srv/GetMotionSequence.js)
Linked: (/root/ws_moveit/devel/.private/moveit_msgs/share/gennodejs/ros/moveit_msgs/srv/SetPlannerParams.js, /root/ws_moveit/devel/share/gennodejs/ros/moveit_msgs/srv/SetPlannerParams.js)
Linked: (/root/ws_moveit/devel/.private/moveit_msgs/share/gennodejs/ros/moveit_msgs/msg/MoveItErrorCodes.js, /root/ws_moveit/devel/share/gennodejs/ros/moveit_msgs/msg/MoveItErrorCodes.js)
Linked: (/root/ws_moveit/devel/.private/moveit_msgs/share/gennodejs/ros/moveit_msgs/msg/AttachedCollisionObject.js, /root/ws_moveit/devel/share/gennodejs/ros/moveit_msgs/msg/AttachedCollisionObject.js)
Linked: (/root/ws_moveit/devel/.private/moveit_msgs/share/gennodejs/ros/moveit_msgs/msg/LinkScale.js, /root/ws_moveit/devel/share/gennodejs/ros/moveit_msgs/msg/LinkScale.js)
Linked: (/root/ws_moveit/devel/.private/moveit_msgs/share/gennodejs/ros/moveit_msgs/msg/PickupFeedback.js, /root/ws_moveit/devel/share/gennodejs/ros/moveit_msgs/msg/PickupFeedback.js)
Linked: (/root/ws_moveit/devel/.private/moveit_msgs/share/gennodejs/ros/moveit_msgs/msg/ExecuteTrajectoryActionFeedback.js, /root/ws_moveit/devel/share/gennodejs/ros/moveit_msgs/msg/ExecuteTrajectoryActionFeedback.js)
Linked: (/root/ws_moveit/devel/.private/moveit_msgs/share/gennodejs/ros/moveit_msgs/msg/AllowedCollisionEntry.js, /root/ws_moveit/devel/share/gennodejs/ros/moveit_msgs/msg/AllowedCollisionEntry.js)
Linked: (/root/ws_moveit/devel/.private/moveit_msgs/share/gennodejs/ros/moveit_msgs/msg/Constraints.js, /root/ws_moveit/devel/share/gennodejs/ros/moveit_msgs/msg/Constraints.js)
Linked: (/root/ws_moveit/devel/.private/moveit_msgs/share/gennodejs/ros/moveit_msgs/msg/PickupGoal.js, /root/ws_moveit/devel/share/gennodejs/ros/moveit_msgs/msg/PickupGoal.js)
Linked: (/root/ws_moveit/devel/.private/moveit_msgs/share/gennodejs/ros/moveit_msgs/msg/LinkPadding.js, /root/ws_moveit/devel/share/gennodejs/ros/moveit_msgs/msg/LinkPadding.js)
Linked: (/root/ws_moveit/devel/.private/moveit_msgs/share/gennodejs/ros/moveit_msgs/msg/ExecuteTrajectoryFeedback.js, /root/ws_moveit/devel/share/gennodejs/ros/moveit_msgs/msg/ExecuteTrajectoryFeedback.js)
Linked: (/root/ws_moveit/devel/.private/moveit_msgs/share/gennodejs/ros/moveit_msgs/msg/MoveGroupSequenceActionFeedback.js, /root/ws_moveit/devel/share/gennodejs/ros/moveit_msgs/msg/MoveGroupSequenceActionFeedback.js)
Linked: (/root/ws_moveit/devel/.private/moveit_msgs/share/gennodejs/ros/moveit_msgs/msg/PlanningScene.js, /root/ws_moveit/devel/share/gennodejs/ros/moveit_msgs/msg/PlanningScene.js)
Linked: (/root/ws_moveit/devel/.private/moveit_msgs/share/gennodejs/ros/moveit_msgs/msg/PlanningOptions.js, /root/ws_moveit/devel/share/gennodejs/ros/moveit_msgs/msg/PlanningOptions.js)
Linked: (/root/ws_moveit/devel/.private/moveit_msgs/share/gennodejs/ros/moveit_msgs/msg/_index.js, /root/ws_moveit/devel/share/gennodejs/ros/moveit_msgs/msg/_index.js)
Linked: (/root/ws_moveit/devel/.private/moveit_msgs/share/gennodejs/ros/moveit_msgs/msg/OrientationConstraint.js, /root/ws_moveit/devel/share/gennodejs/ros/moveit_msgs/msg/OrientationConstraint.js)
Linked: (/root/ws_moveit/devel/.private/moveit_msgs/share/gennodejs/ros/moveit_msgs/msg/PositionIKRequest.js, /root/ws_moveit/devel/share/gennodejs/ros/moveit_msgs/msg/PositionIKRequest.js)
Linked: (/root/ws_moveit/devel/.private/moveit_msgs/share/gennodejs/ros/moveit_msgs/msg/ObjectColor.js, /root/ws_moveit/devel/share/gennodejs/ros/moveit_msgs/msg/ObjectColor.js)
Linked: (/root/ws_moveit/devel/.private/moveit_msgs/share/gennodejs/ros/moveit_msgs/msg/ExecuteTrajectoryAction.js, /root/ws_moveit/devel/share/gennodejs/ros/moveit_msgs/msg/ExecuteTrajectoryAction.js)
Linked: (/root/ws_moveit/devel/.private/moveit_msgs/share/gennodejs/ros/moveit_msgs/msg/MotionPlanRequest.js, /root/ws_moveit/devel/share/gennodejs/ros/moveit_msgs/msg/MotionPlanRequest.js)
Linked: (/root/ws_moveit/devel/.private/moveit_msgs/share/gennodejs/ros/moveit_msgs/msg/MotionPlanResponse.js, /root/ws_moveit/devel/share/gennodejs/ros/moveit_msgs/msg/MotionPlanResponse.js)
Linked: (/root/ws_moveit/devel/.private/moveit_msgs/share/gennodejs/ros/moveit_msgs/msg/PlaceActionResult.js, /root/ws_moveit/devel/share/gennodejs/ros/moveit_msgs/msg/PlaceActionResult.js)
Linked: (/root/ws_moveit/devel/.private/moveit_msgs/share/gennodejs/ros/moveit_msgs/msg/MoveGroupSequenceActionGoal.js, /root/ws_moveit/devel/share/gennodejs/ros/moveit_msgs/msg/MoveGroupSequenceActionGoal.js)
Linked: (/root/ws_moveit/devel/.private/moveit_msgs/share/gennodejs/ros/moveit_msgs/msg/MoveGroupActionResult.js, /root/ws_moveit/devel/share/gennodejs/ros/moveit_msgs/msg/MoveGroupActionResult.js)
Linked: (/root/ws_moveit/devel/.private/moveit_msgs/share/gennodejs/ros/moveit_msgs/msg/Grasp.js, /root/ws_moveit/devel/share/gennodejs/ros/moveit_msgs/msg/Grasp.js)
Linked: (/root/ws_moveit/devel/.private/moveit_msgs/share/gennodejs/ros/moveit_msgs/msg/JointConstraint.js, /root/ws_moveit/devel/share/gennodejs/ros/moveit_msgs/msg/JointConstraint.js)
Linked: (/root/ws_moveit/devel/.private/moveit_msgs/share/gennodejs/ros/moveit_msgs/msg/MotionSequenceItem.js, /root/ws_moveit/devel/share/gennodejs/ros/moveit_msgs/msg/MotionSequenceItem.js)
Linked: (/root/ws_moveit/devel/.private/moveit_msgs/share/gennodejs/ros/moveit_msgs/msg/PickupAction.js, /root/ws_moveit/devel/share/gennodejs/ros/moveit_msgs/msg/PickupAction.js)
Linked: (/root/ws_moveit/devel/.private/moveit_msgs/share/gennodejs/ros/moveit_msgs/msg/TrajectoryConstraints.js, /root/ws_moveit/devel/share/gennodejs/ros/moveit_msgs/msg/TrajectoryConstraints.js)
Linked: (/root/ws_moveit/devel/.private/moveit_msgs/share/gennodejs/ros/moveit_msgs/msg/MoveGroupFeedback.js, /root/ws_moveit/devel/share/gennodejs/ros/moveit_msgs/msg/MoveGroupFeedback.js)
Linked: (/root/ws_moveit/devel/.private/moveit_msgs/share/gennodejs/ros/moveit_msgs/msg/PickupActionGoal.js, /root/ws_moveit/devel/share/gennodejs/ros/moveit_msgs/msg/PickupActionGoal.js)
Linked: (/root/ws_moveit/devel/.private/moveit_msgs/share/gennodejs/ros/moveit_msgs/msg/VisibilityConstraint.js, /root/ws_moveit/devel/share/gennodejs/ros/moveit_msgs/msg/VisibilityConstraint.js)
Linked: (/root/ws_moveit/devel/.private/moveit_msgs/share/gennodejs/ros/moveit_msgs/msg/CartesianPoint.js, /root/ws_moveit/devel/share/gennodejs/ros/moveit_msgs/msg/CartesianPoint.js)
Linked: (/root/ws_moveit/devel/.private/moveit_msgs/share/gennodejs/ros/moveit_msgs/msg/OrientedBoundingBox.js, /root/ws_moveit/devel/share/gennodejs/ros/moveit_msgs/msg/OrientedBoundingBox.js)
Linked: (/root/ws_moveit/devel/.private/moveit_msgs/share/gennodejs/ros/moveit_msgs/msg/CollisionObject.js, /root/ws_moveit/devel/share/gennodejs/ros/moveit_msgs/msg/CollisionObject.js)
Linked: (/root/ws_moveit/devel/.private/moveit_msgs/share/gennodejs/ros/moveit_msgs/msg/CartesianTrajectoryPoint.js, /root/ws_moveit/devel/share/gennodejs/ros/moveit_msgs/msg/CartesianTrajectoryPoint.js)
Linked: (/root/ws_moveit/devel/.private/moveit_msgs/share/gennodejs/ros/moveit_msgs/msg/ContactInformation.js, /root/ws_moveit/devel/share/gennodejs/ros/moveit_msgs/msg/ContactInformation.js)
Linked: (/root/ws_moveit/devel/.private/moveit_msgs/share/gennodejs/ros/moveit_msgs/msg/MotionPlanDetailedResponse.js, /root/ws_moveit/devel/share/gennodejs/ros/moveit_msgs/msg/MotionPlanDetailedResponse.js)
Linked: (/root/ws_moveit/devel/.private/moveit_msgs/share/gennodejs/ros/moveit_msgs/msg/PickupActionResult.js, /root/ws_moveit/devel/share/gennodejs/ros/moveit_msgs/msg/PickupActionResult.js)
Linked: (/root/ws_moveit/devel/.private/moveit_msgs/share/gennodejs/ros/moveit_msgs/msg/PlaceActionFeedback.js, /root/ws_moveit/devel/share/gennodejs/ros/moveit_msgs/msg/PlaceActionFeedback.js)
Linked: (/root/ws_moveit/devel/.private/moveit_msgs/share/gennodejs/ros/moveit_msgs/msg/MoveGroupSequenceFeedback.js, /root/ws_moveit/devel/share/gennodejs/ros/moveit_msgs/msg/MoveGroupSequenceFeedback.js)
Linked: (/root/ws_moveit/devel/.private/moveit_msgs/share/gennodejs/ros/moveit_msgs/msg/WorkspaceParameters.js, /root/ws_moveit/devel/share/gennodejs/ros/moveit_msgs/msg/WorkspaceParameters.js)
Linked: (/root/ws_moveit/devel/.private/moveit_msgs/share/gennodejs/ros/moveit_msgs/msg/RobotState.js, /root/ws_moveit/devel/share/gennodejs/ros/moveit_msgs/msg/RobotState.js)
Linked: (/root/ws_moveit/devel/.private/moveit_msgs/share/gennodejs/ros/moveit_msgs/msg/MotionSequenceResponse.js, /root/ws_moveit/devel/share/gennodejs/ros/moveit_msgs/msg/MotionSequenceResponse.js)
Linked: (/root/ws_moveit/devel/.private/moveit_msgs/share/gennodejs/ros/moveit_msgs/msg/ConstraintEvalResult.js, /root/ws_moveit/devel/share/gennodejs/ros/moveit_msgs/msg/ConstraintEvalResult.js)
Linked: (/root/ws_moveit/devel/.private/moveit_msgs/share/gennodejs/ros/moveit_msgs/msg/MoveGroupSequenceActionResult.js, /root/ws_moveit/devel/share/gennodejs/ros/moveit_msgs/msg/MoveGroupSequenceActionResult.js)
Linked: (/root/ws_moveit/devel/.private/moveit_msgs/share/gennodejs/ros/moveit_msgs/msg/PositionConstraint.js, /root/ws_moveit/devel/share/gennodejs/ros/moveit_msgs/msg/PositionConstraint.js)
Linked: (/root/ws_moveit/devel/.private/moveit_msgs/share/gennodejs/ros/moveit_msgs/msg/MoveGroupGoal.js, /root/ws_moveit/devel/share/gennodejs/ros/moveit_msgs/msg/MoveGroupGoal.js)
Linked: (/root/ws_moveit/devel/.private/moveit_msgs/share/gennodejs/ros/moveit_msgs/msg/PickupActionFeedback.js, /root/ws_moveit/devel/share/gennodejs/ros/moveit_msgs/msg/PickupActionFeedback.js)
Linked: (/root/ws_moveit/devel/.private/moveit_msgs/share/gennodejs/ros/moveit_msgs/msg/MoveGroupResult.js, /root/ws_moveit/devel/share/gennodejs/ros/moveit_msgs/msg/MoveGroupResult.js)
Linked: (/root/ws_moveit/devel/.private/moveit_msgs/share/gennodejs/ros/moveit_msgs/msg/MotionSequenceRequest.js, /root/ws_moveit/devel/share/gennodejs/ros/moveit_msgs/msg/MotionSequenceRequest.js)
Linked: (/root/ws_moveit/devel/.private/moveit_msgs/share/gennodejs/ros/moveit_msgs/msg/PlannerInterfaceDescription.js, /root/ws_moveit/devel/share/gennodejs/ros/moveit_msgs/msg/PlannerInterfaceDescription.js)
Linked: (/root/ws_moveit/devel/.private/moveit_msgs/share/gennodejs/ros/moveit_msgs/msg/PlaceLocation.js, /root/ws_moveit/devel/share/gennodejs/ros/moveit_msgs/msg/PlaceLocation.js)
Linked: (/root/ws_moveit/devel/.private/moveit_msgs/share/gennodejs/ros/moveit_msgs/msg/PlaceActionGoal.js, /root/ws_moveit/devel/share/gennodejs/ros/moveit_msgs/msg/PlaceActionGoal.js)
Linked: (/root/ws_moveit/devel/.private/moveit_msgs/share/gennodejs/ros/moveit_msgs/msg/GenericTrajectory.js, /root/ws_moveit/devel/share/gennodejs/ros/moveit_msgs/msg/GenericTrajectory.js)
Linked: (/root/ws_moveit/devel/.private/moveit_msgs/share/gennodejs/ros/moveit_msgs/msg/DisplayRobotState.js, /root/ws_moveit/devel/share/gennodejs/ros/moveit_msgs/msg/DisplayRobotState.js)
Linked: (/root/ws_moveit/devel/.private/moveit_msgs/share/gennodejs/ros/moveit_msgs/msg/PlannerParams.js, /root/ws_moveit/devel/share/gennodejs/ros/moveit_msgs/msg/PlannerParams.js)
Linked: (/root/ws_moveit/devel/.private/moveit_msgs/share/gennodejs/ros/moveit_msgs/msg/KinematicSolverInfo.js, /root/ws_moveit/devel/share/gennodejs/ros/moveit_msgs/msg/KinematicSolverInfo.js)
Linked: (/root/ws_moveit/devel/.private/moveit_msgs/share/gennodejs/ros/moveit_msgs/msg/CartesianTrajectory.js, /root/ws_moveit/devel/share/gennodejs/ros/moveit_msgs/msg/CartesianTrajectory.js)
Linked: (/root/ws_moveit/devel/.private/moveit_msgs/share/gennodejs/ros/moveit_msgs/msg/MoveGroupSequenceResult.js, /root/ws_moveit/devel/share/gennodejs/ros/moveit_msgs/msg/MoveGroupSequenceResult.js)
Linked: (/root/ws_moveit/devel/.private/moveit_msgs/share/gennodejs/ros/moveit_msgs/msg/PlaceResult.js, /root/ws_moveit/devel/share/gennodejs/ros/moveit_msgs/msg/PlaceResult.js)
Linked: (/root/ws_moveit/devel/.private/moveit_msgs/share/gennodejs/ros/moveit_msgs/msg/ExecuteTrajectoryGoal.js, /root/ws_moveit/devel/share/gennodejs/ros/moveit_msgs/msg/ExecuteTrajectoryGoal.js)
Linked: (/root/ws_moveit/devel/.private/moveit_msgs/share/gennodejs/ros/moveit_msgs/msg/PlaceGoal.js, /root/ws_moveit/devel/share/gennodejs/ros/moveit_msgs/msg/PlaceGoal.js)
Linked: (/root/ws_moveit/devel/.private/moveit_msgs/share/gennodejs/ros/moveit_msgs/msg/ExecuteTrajectoryActionGoal.js, /root/ws_moveit/devel/share/gennodejs/ros/moveit_msgs/msg/ExecuteTrajectoryActionGoal.js)
Linked: (/root/ws_moveit/devel/.private/moveit_msgs/share/gennodejs/ros/moveit_msgs/msg/ExecuteTrajectoryResult.js, /root/ws_moveit/devel/share/gennodejs/ros/moveit_msgs/msg/ExecuteTrajectoryResult.js)
Linked: (/root/ws_moveit/devel/.private/moveit_msgs/share/gennodejs/ros/moveit_msgs/msg/GripperTranslation.js, /root/ws_moveit/devel/share/gennodejs/ros/moveit_msgs/msg/GripperTranslation.js)
Linked: (/root/ws_moveit/devel/.private/moveit_msgs/share/gennodejs/ros/moveit_msgs/msg/PlaceAction.js, /root/ws_moveit/devel/share/gennodejs/ros/moveit_msgs/msg/PlaceAction.js)
Linked: (/root/ws_moveit/devel/.private/moveit_msgs/share/gennodejs/ros/moveit_msgs/msg/PlanningSceneComponents.js, /root/ws_moveit/devel/share/gennodejs/ros/moveit_msgs/msg/PlanningSceneComponents.js)
Linked: (/root/ws_moveit/devel/.private/moveit_msgs/share/gennodejs/ros/moveit_msgs/msg/CostSource.js, /root/ws_moveit/devel/share/gennodejs/ros/moveit_msgs/msg/CostSource.js)
Linked: (/root/ws_moveit/devel/.private/moveit_msgs/share/gennodejs/ros/moveit_msgs/msg/PickupResult.js, /root/ws_moveit/devel/share/gennodejs/ros/moveit_msgs/msg/PickupResult.js)
Linked: (/root/ws_moveit/devel/.private/moveit_msgs/share/gennodejs/ros/moveit_msgs/msg/PlanningSceneWorld.js, /root/ws_moveit/devel/share/gennodejs/ros/moveit_msgs/msg/PlanningSceneWorld.js)
Linked: (/root/ws_moveit/devel/.private/moveit_msgs/share/gennodejs/ros/moveit_msgs/msg/BoundingVolume.js, /root/ws_moveit/devel/share/gennodejs/ros/moveit_msgs/msg/BoundingVolume.js)
Linked: (/root/ws_moveit/devel/.private/moveit_msgs/share/gennodejs/ros/moveit_msgs/msg/MoveGroupActionFeedback.js, /root/ws_moveit/devel/share/gennodejs/ros/moveit_msgs/msg/MoveGroupActionFeedback.js)
Linked: (/root/ws_moveit/devel/.private/moveit_msgs/share/gennodejs/ros/moveit_msgs/msg/ExecuteTrajectoryActionResult.js, /root/ws_moveit/devel/share/gennodejs/ros/moveit_msgs/msg/ExecuteTrajectoryActionResult.js)
Linked: (/root/ws_moveit/devel/.private/moveit_msgs/share/gennodejs/ros/moveit_msgs/msg/MoveGroupSequenceAction.js, /root/ws_moveit/devel/share/gennodejs/ros/moveit_msgs/msg/MoveGroupSequenceAction.js)
Linked: (/root/ws_moveit/devel/.private/moveit_msgs/share/gennodejs/ros/moveit_msgs/msg/JointLimits.js, /root/ws_moveit/devel/share/gennodejs/ros/moveit_msgs/msg/JointLimits.js)
Linked: (/root/ws_moveit/devel/.private/moveit_msgs/share/gennodejs/ros/moveit_msgs/msg/PlaceFeedback.js, /root/ws_moveit/devel/share/gennodejs/ros/moveit_msgs/msg/PlaceFeedback.js)
Linked: (/root/ws_moveit/devel/.private/moveit_msgs/share/gennodejs/ros/moveit_msgs/msg/MoveGroupSequenceGoal.js, /root/ws_moveit/devel/share/gennodejs/ros/moveit_msgs/msg/MoveGroupSequenceGoal.js)
Linked: (/root/ws_moveit/devel/.private/moveit_msgs/share/gennodejs/ros/moveit_msgs/msg/RobotTrajectory.js, /root/ws_moveit/devel/share/gennodejs/ros/moveit_msgs/msg/RobotTrajectory.js)
Linked: (/root/ws_moveit/devel/.private/moveit_msgs/share/gennodejs/ros/moveit_msgs/msg/MoveGroupActionGoal.js, /root/ws_moveit/devel/share/gennodejs/ros/moveit_msgs/msg/MoveGroupActionGoal.js)
Linked: (/root/ws_moveit/devel/.private/moveit_msgs/share/gennodejs/ros/moveit_msgs/msg/AllowedCollisionMatrix.js, /root/ws_moveit/devel/share/gennodejs/ros/moveit_msgs/msg/AllowedCollisionMatrix.js)
Linked: (/root/ws_moveit/devel/.private/moveit_msgs/share/gennodejs/ros/moveit_msgs/msg/DisplayTrajectory.js, /root/ws_moveit/devel/share/gennodejs/ros/moveit_msgs/msg/DisplayTrajectory.js)
Linked: (/root/ws_moveit/devel/.private/moveit_msgs/share/gennodejs/ros/moveit_msgs/msg/MoveGroupAction.js, /root/ws_moveit/devel/share/gennodejs/ros/moveit_msgs/msg/MoveGroupAction.js)
Linked: (/root/ws_moveit/devel/.private/moveit_msgs/lib/pkgconfig/moveit_msgs.pc, /root/ws_moveit/devel/lib/pkgconfig/moveit_msgs.pc)
Linked: (/root/ws_moveit/devel/.private/moveit_msgs/lib/python3/dist-packages/moveit_msgs/__init__.py, /root/ws_moveit/devel/lib/python3/dist-packages/moveit_msgs/__init__.py)
Linked: (/root/ws_moveit/devel/.private/moveit_msgs/lib/python3/dist-packages/moveit_msgs/srv/_ChangeDriftDimensions.py, /root/ws_moveit/devel/lib/python3/dist-packages/moveit_msgs/srv/_ChangeDriftDimensions.py)
Linked: (/root/ws_moveit/devel/.private/moveit_msgs/lib/python3/dist-packages/moveit_msgs/srv/_ExecuteKnownTrajectory.py, /root/ws_moveit/devel/lib/python3/dist-packages/moveit_msgs/srv/_ExecuteKnownTrajectory.py)
Linked: (/root/ws_moveit/devel/.private/moveit_msgs/lib/python3/dist-packages/moveit_msgs/srv/_CheckIfRobotStateExistsInWarehouse.py, /root/ws_moveit/devel/lib/python3/dist-packages/moveit_msgs/srv/_CheckIfRobotStateExistsInWarehouse.py)
Linked: (/root/ws_moveit/devel/.private/moveit_msgs/lib/python3/dist-packages/moveit_msgs/srv/_SaveRobotStateToWarehouse.py, /root/ws_moveit/devel/lib/python3/dist-packages/moveit_msgs/srv/_SaveRobotStateToWarehouse.py)
Linked: (/root/ws_moveit/devel/.private/moveit_msgs/lib/python3/dist-packages/moveit_msgs/srv/_SaveMap.py, /root/ws_moveit/devel/lib/python3/dist-packages/moveit_msgs/srv/_SaveMap.py)
Linked: (/root/ws_moveit/devel/.private/moveit_msgs/lib/python3/dist-packages/moveit_msgs/srv/_GetPlanningScene.py, /root/ws_moveit/devel/lib/python3/dist-packages/moveit_msgs/srv/_GetPlanningScene.py)
Linked: (/root/ws_moveit/devel/.private/moveit_msgs/lib/python3/dist-packages/moveit_msgs/srv/_SetPlannerParams.py, /root/ws_moveit/devel/lib/python3/dist-packages/moveit_msgs/srv/_SetPlannerParams.py)
Linked: (/root/ws_moveit/devel/.private/moveit_msgs/lib/python3/dist-packages/moveit_msgs/srv/_UpdatePointcloudOctomap.py, /root/ws_moveit/devel/lib/python3/dist-packages/moveit_msgs/srv/_UpdatePointcloudOctomap.py)
Linked: (/root/ws_moveit/devel/.private/moveit_msgs/lib/python3/dist-packages/moveit_msgs/srv/_GraspPlanning.py, /root/ws_moveit/devel/lib/python3/dist-packages/moveit_msgs/srv/_GraspPlanning.py)
Linked: (/root/ws_moveit/devel/.private/moveit_msgs/lib/python3/dist-packages/moveit_msgs/srv/_QueryPlannerInterfaces.py, /root/ws_moveit/devel/lib/python3/dist-packages/moveit_msgs/srv/_QueryPlannerInterfaces.py)
Linked: (/root/ws_moveit/devel/.private/moveit_msgs/lib/python3/dist-packages/moveit_msgs/srv/_GetMotionSequence.py, /root/ws_moveit/devel/lib/python3/dist-packages/moveit_msgs/srv/_GetMotionSequence.py)
Linked: (/root/ws_moveit/devel/.private/moveit_msgs/lib/python3/dist-packages/moveit_msgs/srv/_GetRobotStateFromWarehouse.py, /root/ws_moveit/devel/lib/python3/dist-packages/moveit_msgs/srv/_GetRobotStateFromWarehouse.py)
Linked: (/root/ws_moveit/devel/.private/moveit_msgs/lib/python3/dist-packages/moveit_msgs/srv/_ApplyPlanningScene.py, /root/ws_moveit/devel/lib/python3/dist-packages/moveit_msgs/srv/_ApplyPlanningScene.py)
Linked: (/root/ws_moveit/devel/.private/moveit_msgs/lib/python3/dist-packages/moveit_msgs/srv/_GetPositionFK.py, /root/ws_moveit/devel/lib/python3/dist-packages/moveit_msgs/srv/_GetPositionFK.py)
Linked: (/root/ws_moveit/devel/.private/moveit_msgs/lib/python3/dist-packages/moveit_msgs/srv/_RenameRobotStateInWarehouse.py, /root/ws_moveit/devel/lib/python3/dist-packages/moveit_msgs/srv/_RenameRobotStateInWarehouse.py)
Linked: (/root/ws_moveit/devel/.private/moveit_msgs/lib/python3/dist-packages/moveit_msgs/srv/_GetStateValidity.py, /root/ws_moveit/devel/lib/python3/dist-packages/moveit_msgs/srv/_GetStateValidity.py)
Linked: (/root/ws_moveit/devel/.private/moveit_msgs/lib/python3/dist-packages/moveit_msgs/srv/_GetPositionIK.py, /root/ws_moveit/devel/lib/python3/dist-packages/moveit_msgs/srv/_GetPositionIK.py)
Linked: (/root/ws_moveit/devel/.private/moveit_msgs/lib/python3/dist-packages/moveit_msgs/srv/_GetCartesianPath.py, /root/ws_moveit/devel/lib/python3/dist-packages/moveit_msgs/srv/_GetCartesianPath.py)
Linked: (/root/ws_moveit/devel/.private/moveit_msgs/lib/python3/dist-packages/moveit_msgs/srv/_LoadMap.py, /root/ws_moveit/devel/lib/python3/dist-packages/moveit_msgs/srv/_LoadMap.py)
Linked: (/root/ws_moveit/devel/.private/moveit_msgs/lib/python3/dist-packages/moveit_msgs/srv/_DeleteRobotStateFromWarehouse.py, /root/ws_moveit/devel/lib/python3/dist-packages/moveit_msgs/srv/_DeleteRobotStateFromWarehouse.py)
Linked: (/root/ws_moveit/devel/.private/moveit_msgs/lib/python3/dist-packages/moveit_msgs/srv/__init__.py, /root/ws_moveit/devel/lib/python3/dist-packages/moveit_msgs/srv/__init__.py)
Linked: (/root/ws_moveit/devel/.private/moveit_msgs/lib/python3/dist-packages/moveit_msgs/srv/_ListRobotStatesInWarehouse.py, /root/ws_moveit/devel/lib/python3/dist-packages/moveit_msgs/srv/_ListRobotStatesInWarehouse.py)
Linked: (/root/ws_moveit/devel/.private/moveit_msgs/lib/python3/dist-packages/moveit_msgs/srv/_GetPlannerParams.py, /root/ws_moveit/devel/lib/python3/dist-packages/moveit_msgs/srv/_GetPlannerParams.py)
Linked: (/root/ws_moveit/devel/.private/moveit_msgs/lib/python3/dist-packages/moveit_msgs/srv/_GetMotionPlan.py, /root/ws_moveit/devel/lib/python3/dist-packages/moveit_msgs/srv/_GetMotionPlan.py)
Linked: (/root/ws_moveit/devel/.private/moveit_msgs/lib/python3/dist-packages/moveit_msgs/srv/_ChangeControlDimensions.py, /root/ws_moveit/devel/lib/python3/dist-packages/moveit_msgs/srv/_ChangeControlDimensions.py)
Linked: (/root/ws_moveit/devel/.private/moveit_msgs/lib/python3/dist-packages/moveit_msgs/msg/_PlaceLocation.py, /root/ws_moveit/devel/lib/python3/dist-packages/moveit_msgs/msg/_PlaceLocation.py)
Linked: (/root/ws_moveit/devel/.private/moveit_msgs/lib/python3/dist-packages/moveit_msgs/msg/_BoundingVolume.py, /root/ws_moveit/devel/lib/python3/dist-packages/moveit_msgs/msg/_BoundingVolume.py)
Linked: (/root/ws_moveit/devel/.private/moveit_msgs/lib/python3/dist-packages/moveit_msgs/msg/_PickupActionGoal.py, /root/ws_moveit/devel/lib/python3/dist-packages/moveit_msgs/msg/_PickupActionGoal.py)
Linked: (/root/ws_moveit/devel/.private/moveit_msgs/lib/python3/dist-packages/moveit_msgs/msg/_ExecuteTrajectoryActionResult.py, /root/ws_moveit/devel/lib/python3/dist-packages/moveit_msgs/msg/_ExecuteTrajectoryActionResult.py)
Linked: (/root/ws_moveit/devel/.private/moveit_msgs/lib/python3/dist-packages/moveit_msgs/msg/_PlanningOptions.py, /root/ws_moveit/devel/lib/python3/dist-packages/moveit_msgs/msg/_PlanningOptions.py)
Linked: (/root/ws_moveit/devel/.private/moveit_msgs/lib/python3/dist-packages/moveit_msgs/msg/_PositionConstraint.py, /root/ws_moveit/devel/lib/python3/dist-packages/moveit_msgs/msg/_PositionConstraint.py)
Linked: (/root/ws_moveit/devel/.private/moveit_msgs/lib/python3/dist-packages/moveit_msgs/msg/_ExecuteTrajectoryActionGoal.py, /root/ws_moveit/devel/lib/python3/dist-packages/moveit_msgs/msg/_ExecuteTrajectoryActionGoal.py)
Linked: (/root/ws_moveit/devel/.private/moveit_msgs/lib/python3/dist-packages/moveit_msgs/msg/_PickupAction.py, /root/ws_moveit/devel/lib/python3/dist-packages/moveit_msgs/msg/_PickupAction.py)
Linked: (/root/ws_moveit/devel/.private/moveit_msgs/lib/python3/dist-packages/moveit_msgs/msg/_MotionPlanRequest.py, /root/ws_moveit/devel/lib/python3/dist-packages/moveit_msgs/msg/_MotionPlanRequest.py)
Linked: (/root/ws_moveit/devel/.private/moveit_msgs/lib/python3/dist-packages/moveit_msgs/msg/_PlanningSceneWorld.py, /root/ws_moveit/devel/lib/python3/dist-packages/moveit_msgs/msg/_PlanningSceneWorld.py)
Linked: (/root/ws_moveit/devel/.private/moveit_msgs/lib/python3/dist-packages/moveit_msgs/msg/_ExecuteTrajectoryFeedback.py, /root/ws_moveit/devel/lib/python3/dist-packages/moveit_msgs/msg/_ExecuteTrajectoryFeedback.py)
Linked: (/root/ws_moveit/devel/.private/moveit_msgs/lib/python3/dist-packages/moveit_msgs/msg/_PlaceGoal.py, /root/ws_moveit/devel/lib/python3/dist-packages/moveit_msgs/msg/_PlaceGoal.py)
Linked: (/root/ws_moveit/devel/.private/moveit_msgs/lib/python3/dist-packages/moveit_msgs/msg/_MoveGroupActionGoal.py, /root/ws_moveit/devel/lib/python3/dist-packages/moveit_msgs/msg/_MoveGroupActionGoal.py)
Linked: (/root/ws_moveit/devel/.private/moveit_msgs/lib/python3/dist-packages/moveit_msgs/msg/_MoveGroupSequenceFeedback.py, /root/ws_moveit/devel/lib/python3/dist-packages/moveit_msgs/msg/_MoveGroupSequenceFeedback.py)
Linked: (/root/ws_moveit/devel/.private/moveit_msgs/lib/python3/dist-packages/moveit_msgs/msg/_Grasp.py, /root/ws_moveit/devel/lib/python3/dist-packages/moveit_msgs/msg/_Grasp.py)
Linked: (/root/ws_moveit/devel/.private/moveit_msgs/lib/python3/dist-packages/moveit_msgs/msg/_PlanningScene.py, /root/ws_moveit/devel/lib/python3/dist-packages/moveit_msgs/msg/_PlanningScene.py)
Linked: (/root/ws_moveit/devel/.private/moveit_msgs/lib/python3/dist-packages/moveit_msgs/msg/_PlannerParams.py, /root/ws_moveit/devel/lib/python3/dist-packages/moveit_msgs/msg/_PlannerParams.py)
Linked: (/root/ws_moveit/devel/.private/moveit_msgs/lib/python3/dist-packages/moveit_msgs/msg/_JointConstraint.py, /root/ws_moveit/devel/lib/python3/dist-packages/moveit_msgs/msg/_JointConstraint.py)
Linked: (/root/ws_moveit/devel/.private/moveit_msgs/lib/python3/dist-packages/moveit_msgs/msg/_PlanningSceneComponents.py, /root/ws_moveit/devel/lib/python3/dist-packages/moveit_msgs/msg/_PlanningSceneComponents.py)
Linked: (/root/ws_moveit/devel/.private/moveit_msgs/lib/python3/dist-packages/moveit_msgs/msg/_ExecuteTrajectoryActionFeedback.py, /root/ws_moveit/devel/lib/python3/dist-packages/moveit_msgs/msg/_ExecuteTrajectoryActionFeedback.py)
Linked: (/root/ws_moveit/devel/.private/moveit_msgs/lib/python3/dist-packages/moveit_msgs/msg/_PickupActionFeedback.py, /root/ws_moveit/devel/lib/python3/dist-packages/moveit_msgs/msg/_PickupActionFeedback.py)
Linked: (/root/ws_moveit/devel/.private/moveit_msgs/lib/python3/dist-packages/moveit_msgs/msg/_AttachedCollisionObject.py, /root/ws_moveit/devel/lib/python3/dist-packages/moveit_msgs/msg/_AttachedCollisionObject.py)
Linked: (/root/ws_moveit/devel/.private/moveit_msgs/lib/python3/dist-packages/moveit_msgs/msg/_MoveGroupSequenceActionGoal.py, /root/ws_moveit/devel/lib/python3/dist-packages/moveit_msgs/msg/_MoveGroupSequenceActionGoal.py)
Linked: (/root/ws_moveit/devel/.private/moveit_msgs/lib/python3/dist-packages/moveit_msgs/msg/_MotionSequenceItem.py, /root/ws_moveit/devel/lib/python3/dist-packages/moveit_msgs/msg/_MotionSequenceItem.py)
Linked: (/root/ws_moveit/devel/.private/moveit_msgs/lib/python3/dist-packages/moveit_msgs/msg/_ExecuteTrajectoryAction.py, /root/ws_moveit/devel/lib/python3/dist-packages/moveit_msgs/msg/_ExecuteTrajectoryAction.py)
Linked: (/root/ws_moveit/devel/.private/moveit_msgs/lib/python3/dist-packages/moveit_msgs/msg/_TrajectoryConstraints.py, /root/ws_moveit/devel/lib/python3/dist-packages/moveit_msgs/msg/_TrajectoryConstraints.py)
Linked: (/root/ws_moveit/devel/.private/moveit_msgs/lib/python3/dist-packages/moveit_msgs/msg/_CartesianPoint.py, /root/ws_moveit/devel/lib/python3/dist-packages/moveit_msgs/msg/_CartesianPoint.py)
Linked: (/root/ws_moveit/devel/.private/moveit_msgs/lib/python3/dist-packages/moveit_msgs/msg/_PlannerInterfaceDescription.py, /root/ws_moveit/devel/lib/python3/dist-packages/moveit_msgs/msg/_PlannerInterfaceDescription.py)
Linked: (/root/ws_moveit/devel/.private/moveit_msgs/lib/python3/dist-packages/moveit_msgs/msg/_RobotState.py, /root/ws_moveit/devel/lib/python3/dist-packages/moveit_msgs/msg/_RobotState.py)
Linked: (/root/ws_moveit/devel/.private/moveit_msgs/lib/python3/dist-packages/moveit_msgs/msg/_DisplayRobotState.py, /root/ws_moveit/devel/lib/python3/dist-packages/moveit_msgs/msg/_DisplayRobotState.py)
Linked: (/root/ws_moveit/devel/.private/moveit_msgs/lib/python3/dist-packages/moveit_msgs/msg/_MotionPlanDetailedResponse.py, /root/ws_moveit/devel/lib/python3/dist-packages/moveit_msgs/msg/_MotionPlanDetailedResponse.py)
Linked: (/root/ws_moveit/devel/.private/moveit_msgs/lib/python3/dist-packages/moveit_msgs/msg/_ContactInformation.py, /root/ws_moveit/devel/lib/python3/dist-packages/moveit_msgs/msg/_ContactInformation.py)
Linked: (/root/ws_moveit/devel/.private/moveit_msgs/lib/python3/dist-packages/moveit_msgs/msg/_PickupResult.py, /root/ws_moveit/devel/lib/python3/dist-packages/moveit_msgs/msg/_PickupResult.py)
Linked: (/root/ws_moveit/devel/.private/moveit_msgs/lib/python3/dist-packages/moveit_msgs/msg/_MoveGroupGoal.py, /root/ws_moveit/devel/lib/python3/dist-packages/moveit_msgs/msg/_MoveGroupGoal.py)
Linked: (/root/ws_moveit/devel/.private/moveit_msgs/lib/python3/dist-packages/moveit_msgs/msg/_OrientationConstraint.py, /root/ws_moveit/devel/lib/python3/dist-packages/moveit_msgs/msg/_OrientationConstraint.py)
Linked: (/root/ws_moveit/devel/.private/moveit_msgs/lib/python3/dist-packages/moveit_msgs/msg/_MoveGroupSequenceActionFeedback.py, /root/ws_moveit/devel/lib/python3/dist-packages/moveit_msgs/msg/_MoveGroupSequenceActionFeedback.py)
Linked: (/root/ws_moveit/devel/.private/moveit_msgs/lib/python3/dist-packages/moveit_msgs/msg/_PickupGoal.py, /root/ws_moveit/devel/lib/python3/dist-packages/moveit_msgs/msg/_PickupGoal.py)
Linked: (/root/ws_moveit/devel/.private/moveit_msgs/lib/python3/dist-packages/moveit_msgs/msg/_AllowedCollisionEntry.py, /root/ws_moveit/devel/lib/python3/dist-packages/moveit_msgs/msg/_AllowedCollisionEntry.py)
Linked: (/root/ws_moveit/devel/.private/moveit_msgs/lib/python3/dist-packages/moveit_msgs/msg/_PlaceFeedback.py, /root/ws_moveit/devel/lib/python3/dist-packages/moveit_msgs/msg/_PlaceFeedback.py)
Linked: (/root/ws_moveit/devel/.private/moveit_msgs/lib/python3/dist-packages/moveit_msgs/msg/_MoveGroupSequenceResult.py, /root/ws_moveit/devel/lib/python3/dist-packages/moveit_msgs/msg/_MoveGroupSequenceResult.py)
Linked: (/root/ws_moveit/devel/.private/moveit_msgs/lib/python3/dist-packages/moveit_msgs/msg/_MoveGroupSequenceAction.py, /root/ws_moveit/devel/lib/python3/dist-packages/moveit_msgs/msg/_MoveGroupSequenceAction.py)
Linked: (/root/ws_moveit/devel/.private/moveit_msgs/lib/python3/dist-packages/moveit_msgs/msg/_MoveGroupFeedback.py, /root/ws_moveit/devel/lib/python3/dist-packages/moveit_msgs/msg/_MoveGroupFeedback.py)
Linked: (/root/ws_moveit/devel/.private/moveit_msgs/lib/python3/dist-packages/moveit_msgs/msg/_CollisionObject.py, /root/ws_moveit/devel/lib/python3/dist-packages/moveit_msgs/msg/_CollisionObject.py)
Linked: (/root/ws_moveit/devel/.private/moveit_msgs/lib/python3/dist-packages/moveit_msgs/msg/_PickupFeedback.py, /root/ws_moveit/devel/lib/python3/dist-packages/moveit_msgs/msg/_PickupFeedback.py)
Linked: (/root/ws_moveit/devel/.private/moveit_msgs/lib/python3/dist-packages/moveit_msgs/msg/_MoveGroupResult.py, /root/ws_moveit/devel/lib/python3/dist-packages/moveit_msgs/msg/_MoveGroupResult.py)
Linked: (/root/ws_moveit/devel/.private/moveit_msgs/lib/python3/dist-packages/moveit_msgs/msg/_MotionSequenceRequest.py, /root/ws_moveit/devel/lib/python3/dist-packages/moveit_msgs/msg/_MotionSequenceRequest.py)
Linked: (/root/ws_moveit/devel/.private/moveit_msgs/lib/python3/dist-packages/moveit_msgs/msg/_LinkScale.py, /root/ws_moveit/devel/lib/python3/dist-packages/moveit_msgs/msg/_LinkScale.py)
Linked: (/root/ws_moveit/devel/.private/moveit_msgs/lib/python3/dist-packages/moveit_msgs/msg/_MotionSequenceResponse.py, /root/ws_moveit/devel/lib/python3/dist-packages/moveit_msgs/msg/_MotionSequenceResponse.py)
Linked: (/root/ws_moveit/devel/.private/moveit_msgs/lib/python3/dist-packages/moveit_msgs/msg/_PlaceActionFeedback.py, /root/ws_moveit/devel/lib/python3/dist-packages/moveit_msgs/msg/_PlaceActionFeedback.py)
Linked: (/root/ws_moveit/devel/.private/moveit_msgs/lib/python3/dist-packages/moveit_msgs/msg/_CartesianTrajectory.py, /root/ws_moveit/devel/lib/python3/dist-packages/moveit_msgs/msg/_CartesianTrajectory.py)
Linked: (/root/ws_moveit/devel/.private/moveit_msgs/lib/python3/dist-packages/moveit_msgs/msg/_JointLimits.py, /root/ws_moveit/devel/lib/python3/dist-packages/moveit_msgs/msg/_JointLimits.py)
Linked: (/root/ws_moveit/devel/.private/moveit_msgs/lib/python3/dist-packages/moveit_msgs/msg/_CostSource.py, /root/ws_moveit/devel/lib/python3/dist-packages/moveit_msgs/msg/_CostSource.py)
Linked: (/root/ws_moveit/devel/.private/moveit_msgs/lib/python3/dist-packages/moveit_msgs/msg/__init__.py, /root/ws_moveit/devel/lib/python3/dist-packages/moveit_msgs/msg/__init__.py)
Linked: (/root/ws_moveit/devel/.private/moveit_msgs/lib/python3/dist-packages/moveit_msgs/msg/_ConstraintEvalResult.py, /root/ws_moveit/devel/lib/python3/dist-packages/moveit_msgs/msg/_ConstraintEvalResult.py)
Linked: (/root/ws_moveit/devel/.private/moveit_msgs/lib/python3/dist-packages/moveit_msgs/msg/_LinkPadding.py, /root/ws_moveit/devel/lib/python3/dist-packages/moveit_msgs/msg/_LinkPadding.py)
Linked: (/root/ws_moveit/devel/.private/moveit_msgs/lib/python3/dist-packages/moveit_msgs/msg/_MoveGroupAction.py, /root/ws_moveit/devel/lib/python3/dist-packages/moveit_msgs/msg/_MoveGroupAction.py)
Linked: (/root/ws_moveit/devel/.private/moveit_msgs/lib/python3/dist-packages/moveit_msgs/msg/_AllowedCollisionMatrix.py, /root/ws_moveit/devel/lib/python3/dist-packages/moveit_msgs/msg/_AllowedCollisionMatrix.py)
Linked: (/root/ws_moveit/devel/.private/moveit_msgs/lib/python3/dist-packages/moveit_msgs/msg/_GenericTrajectory.py, /root/ws_moveit/devel/lib/python3/dist-packages/moveit_msgs/msg/_GenericTrajectory.py)
Linked: (/root/ws_moveit/devel/.private/moveit_msgs/lib/python3/dist-packages/moveit_msgs/msg/_OrientedBoundingBox.py, /root/ws_moveit/devel/lib/python3/dist-packages/moveit_msgs/msg/_OrientedBoundingBox.py)
Linked: (/root/ws_moveit/devel/.private/moveit_msgs/lib/python3/dist-packages/moveit_msgs/msg/_Constraints.py, /root/ws_moveit/devel/lib/python3/dist-packages/moveit_msgs/msg/_Constraints.py)
Linked: (/root/ws_moveit/devel/.private/moveit_msgs/lib/python3/dist-packages/moveit_msgs/msg/_PositionIKRequest.py, /root/ws_moveit/devel/lib/python3/dist-packages/moveit_msgs/msg/_PositionIKRequest.py)
Linked: (/root/ws_moveit/devel/.private/moveit_msgs/lib/python3/dist-packages/moveit_msgs/msg/_CartesianTrajectoryPoint.py, /root/ws_moveit/devel/lib/python3/dist-packages/moveit_msgs/msg/_CartesianTrajectoryPoint.py)
Linked: (/root/ws_moveit/devel/.private/moveit_msgs/lib/python3/dist-packages/moveit_msgs/msg/_KinematicSolverInfo.py, /root/ws_moveit/devel/lib/python3/dist-packages/moveit_msgs/msg/_KinematicSolverInfo.py)
Linked: (/root/ws_moveit/devel/.private/moveit_msgs/lib/python3/dist-packages/moveit_msgs/msg/_PlaceAction.py, /root/ws_moveit/devel/lib/python3/dist-packages/moveit_msgs/msg/_PlaceAction.py)
Linked: (/root/ws_moveit/devel/.private/moveit_msgs/lib/python3/dist-packages/moveit_msgs/msg/_PlaceResult.py, /root/ws_moveit/devel/lib/python3/dist-packages/moveit_msgs/msg/_PlaceResult.py)
Linked: (/root/ws_moveit/devel/.private/moveit_msgs/lib/python3/dist-packages/moveit_msgs/msg/_ExecuteTrajectoryGoal.py, /root/ws_moveit/devel/lib/python3/dist-packages/moveit_msgs/msg/_ExecuteTrajectoryGoal.py)
Linked: (/root/ws_moveit/devel/.private/moveit_msgs/lib/python3/dist-packages/moveit_msgs/msg/_GripperTranslation.py, /root/ws_moveit/devel/lib/python3/dist-packages/moveit_msgs/msg/_GripperTranslation.py)
Linked: (/root/ws_moveit/devel/.private/moveit_msgs/lib/python3/dist-packages/moveit_msgs/msg/_VisibilityConstraint.py, /root/ws_moveit/devel/lib/python3/dist-packages/moveit_msgs/msg/_VisibilityConstraint.py)
Linked: (/root/ws_moveit/devel/.private/moveit_msgs/lib/python3/dist-packages/moveit_msgs/msg/_PickupActionResult.py, /root/ws_moveit/devel/lib/python3/dist-packages/moveit_msgs/msg/_PickupActionResult.py)
Linked: (/root/ws_moveit/devel/.private/moveit_msgs/lib/python3/dist-packages/moveit_msgs/msg/_MoveGroupSequenceGoal.py, /root/ws_moveit/devel/lib/python3/dist-packages/moveit_msgs/msg/_MoveGroupSequenceGoal.py)
Linked: (/root/ws_moveit/devel/.private/moveit_msgs/lib/python3/dist-packages/moveit_msgs/msg/_DisplayTrajectory.py, /root/ws_moveit/devel/lib/python3/dist-packages/moveit_msgs/msg/_DisplayTrajectory.py)
Linked: (/root/ws_moveit/devel/.private/moveit_msgs/lib/python3/dist-packages/moveit_msgs/msg/_MoveItErrorCodes.py, /root/ws_moveit/devel/lib/python3/dist-packages/moveit_msgs/msg/_MoveItErrorCodes.py)
Linked: (/root/ws_moveit/devel/.private/moveit_msgs/lib/python3/dist-packages/moveit_msgs/msg/_MoveGroupActionFeedback.py, /root/ws_moveit/devel/lib/python3/dist-packages/moveit_msgs/msg/_MoveGroupActionFeedback.py)
Linked: (/root/ws_moveit/devel/.private/moveit_msgs/lib/python3/dist-packages/moveit_msgs/msg/_ExecuteTrajectoryResult.py, /root/ws_moveit/devel/lib/python3/dist-packages/moveit_msgs/msg/_ExecuteTrajectoryResult.py)
Linked: (/root/ws_moveit/devel/.private/moveit_msgs/lib/python3/dist-packages/moveit_msgs/msg/_ObjectColor.py, /root/ws_moveit/devel/lib/python3/dist-packages/moveit_msgs/msg/_ObjectColor.py)
Linked: (/root/ws_moveit/devel/.private/moveit_msgs/lib/python3/dist-packages/moveit_msgs/msg/_MoveGroupActionResult.py, /root/ws_moveit/devel/lib/python3/dist-packages/moveit_msgs/msg/_MoveGroupActionResult.py)
Linked: (/root/ws_moveit/devel/.private/moveit_msgs/lib/python3/dist-packages/moveit_msgs/msg/_WorkspaceParameters.py, /root/ws_moveit/devel/lib/python3/dist-packages/moveit_msgs/msg/_WorkspaceParameters.py)
Linked: (/root/ws_moveit/devel/.private/moveit_msgs/lib/python3/dist-packages/moveit_msgs/msg/_MotionPlanResponse.py, /root/ws_moveit/devel/lib/python3/dist-packages/moveit_msgs/msg/_MotionPlanResponse.py)
Linked: (/root/ws_moveit/devel/.private/moveit_msgs/lib/python3/dist-packages/moveit_msgs/msg/_MoveGroupSequenceActionResult.py, /root/ws_moveit/devel/lib/python3/dist-packages/moveit_msgs/msg/_MoveGroupSequenceActionResult.py)
Linked: (/root/ws_moveit/devel/.private/moveit_msgs/lib/python3/dist-packages/moveit_msgs/msg/_PlaceActionGoal.py, /root/ws_moveit/devel/lib/python3/dist-packages/moveit_msgs/msg/_PlaceActionGoal.py)
Linked: (/root/ws_moveit/devel/.private/moveit_msgs/lib/python3/dist-packages/moveit_msgs/msg/_RobotTrajectory.py, /root/ws_moveit/devel/lib/python3/dist-packages/moveit_msgs/msg/_RobotTrajectory.py)
Linked: (/root/ws_moveit/devel/.private/moveit_msgs/lib/python3/dist-packages/moveit_msgs/msg/_PlaceActionResult.py, /root/ws_moveit/devel/lib/python3/dist-packages/moveit_msgs/msg/_PlaceActionResult.py)
