timestamp,event_type,cycle_id,data,metadata
1755192505.3782392,T1_image,cycle_1_1755192505378,640x480,
1755192505.380105,T1_image,cycle_2_1755192505380,640x480,
1755192505.3836896,T1_image,cycle_3_1755192505383,640x480,
1755192505.3846984,T1_image,cycle_4_1755192505384,640x480,
1755192505.4101617,T1_image,cycle_5_1755192505410,640x480,
1755192505.4500315,T1_image,cycle_6_1755192505450,640x480,
1755192505.4775357,T1_image,cycle_7_1755192505477,640x480,
1755192505.5108626,T1_image,cycle_8_1755192505510,640x480,
1755192505.544204,T1_image,cycle_9_1755192505544,640x480,
1755192505.577673,T1_image,cycle_10_1755192505577,640x480,
1755192505.6109204,T1_image,cycle_11_1755192505610,640x480,
1755192505.64449,T1_image,cycle_12_1755192505644,640x480,
1755192505.6775992,T1_image,cycle_13_1755192505677,640x480,
1755192505.711066,T1_image,cycle_14_1755192505711,640x480,
1755192505.7447758,T1_image,cycle_15_1755192505744,640x480,
1755192505.778101,T1_image,cycle_16_1755192505778,640x480,
1755192505.8110304,T1_image,cycle_17_1755192505811,640x480,
1755192505.845347,T1_image,cycle_18_1755192505845,640x480,
1755192505.8778832,T1_image,cycle_19_1755192505877,640x480,
1755192505.8963547,T3_finger_count_debug,cycle_19_1755192505877,detected_from_topic,
1755192505.911824,T1_image,cycle_20_1755192505911,640x480,
1755192505.9458463,T1_image,cycle_21_1755192505945,640x480,
1755192505.9784353,T1_image,cycle_22_1755192505978,640x480,
1755192506.0119305,T1_image,cycle_23_1755192506011,640x480,
1755192506.0457518,T1_image,cycle_24_1755192506045,640x480,
1755192506.0782769,T1_image,cycle_25_1755192506078,640x480,
1755192506.1114469,T1_image,cycle_26_1755192506111,640x480,
1755192506.1454563,T1_image,cycle_27_1755192506145,640x480,
1755192506.1790922,T1_image,cycle_28_1755192506179,640x480,
1755192506.211708,T1_image,cycle_29_1755192506211,640x480,
1755192506.2287753,T4a_wrist_tf,cycle_28_1755192506179,wrist,
1755192506.2498145,T1_image,cycle_30_1755192506249,640x480,
1755192506.2773879,T4a_wrist_tf,cycle_29_1755192506211,wrist,
1755192506.2890084,T1_image,cycle_31_1755192506288,640x480,
1755192506.3167992,T1_image,cycle_32_1755192506316,640x480,
1755192506.3177044,T4a_wrist_tf,cycle_30_1755192506249,wrist,
1755192506.350692,T4a_wrist_tf,cycle_31_1755192506288,wrist,
1755192506.355642,T1_image,cycle_33_1755192506355,640x480,
1755192506.3842876,T1_image,cycle_34_1755192506384,640x480,
1755192506.4006317,T4a_wrist_tf,cycle_32_1755192506316,wrist,
1755192506.4165037,T1_image,cycle_35_1755192506416,640x480,
1755192506.4263196,T4a_wrist_tf,cycle_33_1755192506355,wrist,
1755192506.4470127,T1_image,cycle_36_1755192506446,640x480,
1755192506.4538944,T4a_wrist_tf,cycle_34_1755192506384,wrist,
1755192506.476903,T4a_wrist_tf,cycle_35_1755192506416,wrist,
1755192506.4886763,T1_image,cycle_37_1755192506488,640x480,
1755192506.5094967,T4a_wrist_tf,cycle_36_1755192506446,wrist,
1755192506.5180578,T1_image,cycle_38_1755192506518,640x480,
1755192506.5349624,T4a_wrist_tf,cycle_37_1755192506488,wrist,
1755192506.5534623,T4a_wrist_tf,cycle_38_1755192506518,wrist,
1755192506.5575356,T1_image,cycle_39_1755192506557,640x480,
1755192506.5827222,T1_image,cycle_40_1755192506582,640x480,
1755192506.5934017,T4a_wrist_tf,cycle_39_1755192506557,wrist,
1755192506.6168892,T4a_wrist_tf,cycle_40_1755192506582,wrist,
1755192506.6208966,T1_image,cycle_41_1755192506620,640x480,
1755192506.6443515,T4a_wrist_tf,cycle_41_1755192506620,wrist,
1755192506.6496615,T1_image,cycle_42_1755192506649,640x480,
1755192506.674589,T4a_wrist_tf,cycle_42_1755192506649,wrist,
1755192506.683396,T1_image,cycle_43_1755192506683,640x480,
1755192506.710381,T4a_wrist_tf,cycle_43_1755192506683,wrist,
1755192506.714042,T1_image,cycle_44_1755192506714,640x480,
1755192506.7501798,T1_image,cycle_45_1755192506750,640x480,
1755192506.7607572,T4a_wrist_tf,cycle_44_1755192506714,wrist,
1755192506.796376,T4a_wrist_tf,cycle_45_1755192506750,wrist,
1755192506.810189,T1_image,cycle_46_1755192506810,640x480,
1755192506.8376176,T1_image,cycle_47_1755192506837,640x480,
1755192506.867512,T1_image,cycle_48_1755192506867,640x480,
1755192506.8760395,T4a_wrist_tf,cycle_46_1755192506810,wrist,
1755192506.884182,T1_image,cycle_49_1755192506883,640x480,
1755192506.916659,T1_image,cycle_50_1755192506916,640x480,
1755192506.9349332,T4a_wrist_tf,cycle_47_1755192506837,wrist,
1755192506.9558477,T1_image,cycle_51_1755192506955,640x480,
1755192506.9648378,T4a_wrist_tf,cycle_48_1755192506867,wrist,
1755192506.980979,T1_image,cycle_52_1755192506980,640x480,
1755192506.997243,T4a_wrist_tf,cycle_49_1755192506883,wrist,
1755192507.0152726,T1_image,cycle_53_1755192507015,640x480,
1755192507.0266707,T4a_wrist_tf,cycle_50_1755192506916,wrist,
1755192507.0568166,T1_image,cycle_54_1755192507056,640x480,
1755192507.05932,T4a_wrist_tf,cycle_51_1755192506955,wrist,
1755192507.0807214,T4a_wrist_tf,cycle_52_1755192506980,wrist,
1755192507.0898805,T1_image,cycle_55_1755192507089,640x480,
1755192507.1067321,T4a_wrist_tf,cycle_53_1755192507015,wrist,
1755192507.116554,T1_image,cycle_56_1755192507116,640x480,
1755192507.132702,T4a_wrist_tf,cycle_54_1755192507056,wrist,
1755192507.1615932,T4a_wrist_tf,cycle_55_1755192507089,wrist,
1755192507.163394,T1_image,cycle_57_1755192507163,640x480,
1755192507.1789358,T4a_wrist_tf,cycle_56_1755192507116,wrist,
1755192507.1826417,T1_image,cycle_58_1755192507182,640x480,
1755192507.2055109,T4a_wrist_tf,cycle_57_1755192507163,wrist,
1755192507.2154696,T1_image,cycle_59_1755192507215,640x480,
1755192507.2312696,T4a_wrist_tf,cycle_58_1755192507182,wrist,
1755192507.2540085,T1_image,cycle_60_1755192507253,640x480,
1755192507.2556536,T4a_wrist_tf,cycle_59_1755192507215,wrist,
1755192507.2774944,T4a_wrist_tf,cycle_60_1755192507253,wrist,
1755192507.2834394,T1_image,cycle_61_1755192507283,640x480,
1755192507.3161047,T1_image,cycle_62_1755192507316,640x480,
1755192507.3227627,T4a_wrist_tf,cycle_61_1755192507283,wrist,
1755192507.3508263,T1_image,cycle_63_1755192507350,640x480,
1755192507.3652856,T4a_wrist_tf,cycle_62_1755192507316,wrist,
1755192507.3814216,T1_image,cycle_64_1755192507381,640x480,
1755192507.402786,T4a_wrist_tf,cycle_63_1755192507350,wrist,
1755192507.415916,T1_image,cycle_65_1755192507415,640x480,
1755192507.4339561,T4a_wrist_tf,cycle_64_1755192507381,wrist,
1755192507.451191,T1_image,cycle_66_1755192507451,640x480,
1755192507.4695504,T4a_wrist_tf,cycle_65_1755192507415,wrist,
1755192507.4827278,T1_image,cycle_67_1755192507482,640x480,
1755192507.4878032,T4a_wrist_tf,cycle_66_1755192507451,wrist,
1755192507.516883,T1_image,cycle_68_1755192507516,640x480,
1755192507.5188892,T4a_wrist_tf,cycle_67_1755192507482,wrist,
1755192507.5367346,T4a_wrist_tf,cycle_68_1755192507516,wrist,
1755192507.5523274,T1_image,cycle_69_1755192507552,640x480,
1755192507.586137,T1_image,cycle_70_1755192507586,640x480,
1755192507.607946,T4a_wrist_tf,cycle_69_1755192507552,wrist,
1755192507.6176906,T1_image,cycle_71_1755192507617,640x480,
1755192507.6414044,T4a_wrist_tf,cycle_70_1755192507586,wrist,
1755192507.648243,T1_image,cycle_72_1755192507648,640x480,
1755192507.6647108,T4a_wrist_tf,cycle_71_1755192507617,wrist,
1755192507.6850595,T1_image,cycle_73_1755192507685,640x480,
1755192507.6896331,T4a_wrist_tf,cycle_72_1755192507648,wrist,
1755192507.7155366,T1_image,cycle_74_1755192507715,640x480,
1755192507.718444,T4a_wrist_tf,cycle_73_1755192507685,wrist,
1755192507.7460177,T4a_wrist_tf,cycle_74_1755192507715,wrist,
1755192507.7483456,T1_image,cycle_75_1755192507748,640x480,
1755192507.7765822,T4a_wrist_tf,cycle_75_1755192507748,wrist,
1755192507.7825553,T1_image,cycle_76_1755192507782,640x480,
1755192507.816222,T4a_wrist_tf,cycle_76_1755192507782,wrist,
1755192507.8181922,T1_image,cycle_77_1755192507817,640x480,
1755192507.8500311,T1_image,cycle_78_1755192507849,640x480,
1755192507.8617837,T4a_wrist_tf,cycle_77_1755192507817,wrist,
1755192507.884232,T1_image,cycle_79_1755192507884,640x480,
1755192507.8887916,T4a_wrist_tf,cycle_78_1755192507849,wrist,
1755192507.9174662,T4a_wrist_tf,cycle_79_1755192507884,wrist,
1755192507.9182262,T1_image,cycle_80_1755192507918,640x480,
1755192507.9498754,T1_image,cycle_81_1755192507949,640x480,
1755192507.958307,T4a_wrist_tf,cycle_80_1755192507918,wrist,
1755192507.982676,T1_image,cycle_82_1755192507982,640x480,
1755192507.9906068,T4a_wrist_tf,cycle_81_1755192507949,wrist,
1755192508.0177932,T1_image,cycle_83_1755192508017,640x480,
1755192508.0205982,T4a_wrist_tf,cycle_82_1755192507982,wrist,
1755192508.0532057,T1_image,cycle_84_1755192508053,640x480,
1755192508.0537632,T4a_wrist_tf,cycle_83_1755192508017,wrist,
1755192508.0767355,T4a_wrist_tf,cycle_84_1755192508053,wrist,
1755192508.0830188,T1_image,cycle_85_1755192508082,640x480,
1755192508.0862143,T5_command,cycle_85_1755192508082,gripper_open,
1755192508.1119547,T4a_wrist_tf,cycle_85_1755192508082,wrist,
1755192508.116602,T6_feedback,cycle_85_1755192508082,success:True,
1755192508.1211028,T1_image,cycle_86_1755192508121,640x480,
1755192508.1263018,T5_command,cycle_86_1755192508121,arm_pose,
1755192508.149421,T6_feedback,cycle_86_1755192508121,success:True,
1755192508.1566691,T1_image,cycle_87_1755192508156,640x480,
1755192508.1839666,T4a_wrist_tf,cycle_86_1755192508121,wrist,
1755192508.1909015,T1_image,cycle_88_1755192508190,640x480,
1755192508.2175372,T1_image,cycle_89_1755192508217,640x480,
1755192508.2196693,T4a_wrist_tf,cycle_87_1755192508156,wrist,
1755192508.2514458,T1_image,cycle_90_1755192508251,640x480,
1755192508.260224,T4a_wrist_tf,cycle_88_1755192508190,wrist,
1755192508.2835171,T1_image,cycle_91_1755192508283,640x480,
1755192508.301644,T4a_wrist_tf,cycle_89_1755192508217,wrist,
1755192508.3200133,T1_image,cycle_92_1755192508319,640x480,
1755192508.3315935,T4a_wrist_tf,cycle_90_1755192508251,wrist,
1755192508.3499305,T1_image,cycle_93_1755192508349,640x480,
1755192508.3645864,T4a_wrist_tf,cycle_91_1755192508283,wrist,
1755192508.3825526,T1_image,cycle_94_1755192508382,640x480,
1755192508.3909857,T4a_wrist_tf,cycle_92_1755192508319,wrist,
1755192508.4118633,T4a_wrist_tf,cycle_93_1755192508349,wrist,
1755192508.4200733,T1_image,cycle_95_1755192508420,640x480,
1755192508.4411688,T4a_wrist_tf,cycle_94_1755192508382,wrist,
1755192508.449021,T1_image,cycle_96_1755192508448,640x480,
1755192508.4686809,T4a_wrist_tf,cycle_95_1755192508420,wrist,
1755192508.4839332,T1_image,cycle_97_1755192508483,640x480,
1755192508.501484,T4a_wrist_tf,cycle_96_1755192508448,wrist,
1755192508.5166647,T1_image,cycle_98_1755192508516,640x480,
1755192508.537415,T4a_wrist_tf,cycle_97_1755192508483,wrist,
1755192508.5508935,T1_image,cycle_99_1755192508550,640x480,
1755192508.5845375,T1_image,cycle_100_1755192508584,640x480,
1755192508.5868707,T4a_wrist_tf,cycle_98_1755192508516,wrist,
1755192508.619128,T1_image,cycle_101_1755192508619,640x480,
1755192508.6396737,T4a_wrist_tf,cycle_99_1755192508550,wrist,
1755192508.653146,T1_image,cycle_102_1755192508653,640x480,
1755192508.6786783,T4a_wrist_tf,cycle_100_1755192508584,wrist,
1755192508.6905017,T1_image,cycle_103_1755192508690,640x480,
1755192508.7088451,T5_command,cycle_103_1755192508690,gripper_open,
1755192508.7168314,T6_feedback,cycle_103_1755192508690,success:True,
1755192508.7182221,T1_image,cycle_104_1755192508718,640x480,
1755192508.7186894,T4a_wrist_tf,cycle_101_1755192508619,wrist,
1755192508.7272549,T5_command,cycle_104_1755192508718,arm_pose,
1755192508.7355535,T6_feedback,cycle_104_1755192508718,success:True,
1755192508.7387638,T4a_wrist_tf,cycle_102_1755192508653,wrist,
1755192508.7494879,T1_image,cycle_105_1755192508749,640x480,
1755192508.7620761,T4a_wrist_tf,cycle_103_1755192508690,wrist,
1755192508.7862933,T1_image,cycle_106_1755192508786,640x480,
1755192508.7880719,T4a_wrist_tf,cycle_104_1755192508718,wrist,
1755192508.8137944,T4a_wrist_tf,cycle_105_1755192508749,wrist,
1755192508.817088,T1_image,cycle_107_1755192508817,640x480,
1755192508.8436234,T4a_wrist_tf,cycle_106_1755192508786,wrist,
1755192508.8535872,T1_image,cycle_108_1755192508853,640x480,
1755192508.8774137,T4a_wrist_tf,cycle_107_1755192508817,wrist,
1755192508.8840904,T1_image,cycle_109_1755192508884,640x480,
1755192508.9177828,T1_image,cycle_110_1755192508917,640x480,
1755192508.920241,T4a_wrist_tf,cycle_108_1755192508853,wrist,
1755192508.9385335,T5_command,cycle_110_1755192508917,gripper_open,
1755192508.947189,T6_feedback,cycle_110_1755192508917,success:True,
1755192508.9549975,T1_image,cycle_111_1755192508954,640x480,
1755192508.9573874,T4a_wrist_tf,cycle_109_1755192508884,wrist,
1755192508.9616213,T5_command,cycle_111_1755192508954,arm_pose,
1755192508.9699438,T6_feedback,cycle_111_1755192508954,success:True,
1755192508.9820292,T1_image,cycle_112_1755192508981,640x480,
1755192508.98446,T4a_wrist_tf,cycle_110_1755192508917,wrist,
1755192509.0118575,T4a_wrist_tf,cycle_111_1755192508954,wrist,
1755192509.0198052,T1_image,cycle_113_1755192509019,640x480,
1755192509.0373425,T4a_wrist_tf,cycle_112_1755192508981,wrist,
1755192509.0583508,T1_image,cycle_114_1755192509058,640x480,
1755192509.0595667,T4a_wrist_tf,cycle_113_1755192509019,wrist,
1755192509.0776055,T4a_wrist_tf,cycle_114_1755192509058,wrist,
1755192509.0830157,T1_image,cycle_115_1755192509082,640x480,
1755192509.1043465,T4a_wrist_tf,cycle_115_1755192509082,wrist,
1755192509.1166697,T1_image,cycle_116_1755192509116,640x480,
1755192509.135151,T4a_wrist_tf,cycle_116_1755192509116,wrist,
1755192509.1550298,T1_image,cycle_117_1755192509154,640x480,
1755192509.1714451,T4a_wrist_tf,cycle_117_1755192509154,wrist,
1755192509.18217,T1_image,cycle_118_1755192509182,640x480,
1755192509.2055929,T4a_wrist_tf,cycle_118_1755192509182,wrist,
1755192509.2225304,T1_image,cycle_119_1755192509216,640x480,
1755192509.249607,T5_command,cycle_119_1755192509216,gripper_open,
1755192509.2555153,T1_image,cycle_120_1755192509255,640x480,
1755192509.264123,T6_feedback,cycle_120_1755192509255,success:True,
1755192509.2680814,T4a_wrist_tf,cycle_119_1755192509216,wrist,
1755192509.2690053,T5_command,cycle_120_1755192509255,arm_pose,
1755192509.2822225,T1_image,cycle_121_1755192509282,640x480,
1755192509.294046,T4a_wrist_tf,cycle_120_1755192509255,wrist,
1755192509.303314,T6_feedback,cycle_121_1755192509282,success:True,
1755192509.3212013,T1_image,cycle_122_1755192509321,640x480,
1755192509.3225248,T4a_wrist_tf,cycle_121_1755192509282,wrist,
1755192509.348134,T4a_wrist_tf,cycle_122_1755192509321,wrist,
1755192509.349708,T1_image,cycle_123_1755192509349,640x480,
1755192509.3752172,T4a_wrist_tf,cycle_123_1755192509349,wrist,
1755192509.382254,T1_image,cycle_124_1755192509382,640x480,
1755192509.40884,T4a_wrist_tf,cycle_124_1755192509382,wrist,
1755192509.4180791,T1_image,cycle_125_1755192509417,640x480,
1755192509.4481215,T4a_wrist_tf,cycle_125_1755192509417,wrist,
1755192509.4499593,T1_image,cycle_126_1755192509449,640x480,
1755192509.472101,T4a_wrist_tf,cycle_126_1755192509449,wrist,
1755192509.479857,T5_command,cycle_126_1755192509449,gripper_open,
1755192509.4826908,T1_image,cycle_127_1755192509482,640x480,
1755192509.488948,T6_feedback,cycle_127_1755192509482,success:True,
1755192509.5003633,T5_command,cycle_127_1755192509482,arm_pose,
1755192509.5060484,T4a_wrist_tf,cycle_127_1755192509482,wrist,
1755192509.511866,T6_feedback,cycle_127_1755192509482,success:True,
1755192509.5178914,T1_image,cycle_128_1755192509517,640x480,
1755192509.542832,T4a_wrist_tf,cycle_128_1755192509517,wrist,
1755192509.5505226,T1_image,cycle_129_1755192509550,640x480,
1755192509.5823257,T4a_wrist_tf,cycle_129_1755192509550,wrist,
1755192509.5866282,T1_image,cycle_130_1755192509586,640x480,
1755192509.618655,T1_image,cycle_131_1755192509618,640x480,
1755192509.6192064,T4a_wrist_tf,cycle_130_1755192509586,wrist,
1755192509.643417,T4a_wrist_tf,cycle_131_1755192509618,wrist,
1755192509.6502297,T1_image,cycle_132_1755192509650,640x480,
1755192509.6575775,T5_command,cycle_132_1755192509650,gripper_open,
1755192509.6654577,T6_feedback,cycle_132_1755192509650,success:True,
1755192509.6801367,T4a_wrist_tf,cycle_132_1755192509650,wrist,
1755192509.6825583,T5_command,cycle_132_1755192509650,arm_pose,
1755192509.6843204,T1_image,cycle_133_1755192509684,640x480,
1755192509.6968696,T6_feedback,cycle_133_1755192509684,success:True,
1755192509.7137785,T4a_wrist_tf,cycle_133_1755192509684,wrist,
1755192509.7161064,T1_image,cycle_134_1755192509716,640x480,
1755192509.7456424,T4a_wrist_tf,cycle_134_1755192509716,wrist,
1755192509.7504058,T1_image,cycle_135_1755192509750,640x480,
1755192509.7708573,T4a_wrist_tf,cycle_135_1755192509750,wrist,
1755192509.7830117,T1_image,cycle_136_1755192509782,640x480,
1755192509.8133428,T4a_wrist_tf,cycle_136_1755192509782,wrist,
1755192509.8178189,T1_image,cycle_137_1755192509817,640x480,
1755192509.8470619,T4a_wrist_tf,cycle_137_1755192509817,wrist,
1755192509.8503952,T1_image,cycle_138_1755192509850,640x480,
1755192509.8813531,T4a_wrist_tf,cycle_138_1755192509850,wrist,
1755192509.882963,T1_image,cycle_139_1755192509882,640x480,
1755192509.91076,T4a_wrist_tf,cycle_139_1755192509882,wrist,
1755192509.916929,T1_image,cycle_140_1755192509916,640x480,
1755192509.9453723,T5_command,cycle_140_1755192509916,gripper_open,
1755192509.950441,T1_image,cycle_141_1755192509950,640x480,
1755192509.9539642,T4a_wrist_tf,cycle_140_1755192509916,wrist,
1755192509.9556901,T6_feedback,cycle_141_1755192509950,success:True,
1755192509.9646428,T5_command,cycle_141_1755192509950,arm_pose,
1755192509.9770143,T6_feedback,cycle_141_1755192509950,success:True,
1755192509.9784205,T4a_wrist_tf,cycle_141_1755192509950,wrist,
1755192509.9843767,T1_image,cycle_142_1755192509984,640x480,
1755192510.0105364,T4a_wrist_tf,cycle_142_1755192509984,wrist,
1755192510.0166967,T1_image,cycle_143_1755192510016,640x480,
1755192510.0430794,T4a_wrist_tf,cycle_143_1755192510016,wrist,
1755192510.0514162,T1_image,cycle_144_1755192510051,640x480,
1755192510.0806863,T4a_wrist_tf,cycle_144_1755192510051,wrist,
1755192510.0830204,T1_image,cycle_145_1755192510082,640x480,
1755192510.107758,T4a_wrist_tf,cycle_145_1755192510082,wrist,
1755192510.1180568,T1_image,cycle_146_1755192510118,640x480,
1755192510.142278,T4a_wrist_tf,cycle_146_1755192510118,wrist,
1755192510.1515477,T1_image,cycle_147_1755192510151,640x480,
1755192510.1759243,T5_command,cycle_147_1755192510151,gripper_open,
1755192510.1852815,T1_image,cycle_148_1755192510185,640x480,
1755192510.1870852,T4a_wrist_tf,cycle_147_1755192510151,wrist,
1755192510.194943,T6_feedback,cycle_148_1755192510185,success:True,
1755192510.2121136,T4a_wrist_tf,cycle_148_1755192510185,wrist,
1755192510.2192814,T1_image,cycle_149_1755192510219,640x480,
1755192510.2319274,T5_command,cycle_149_1755192510219,arm_pose,
1755192510.2378094,T6_feedback,cycle_149_1755192510219,success:True,
1755192510.2419724,T4a_wrist_tf,cycle_149_1755192510219,wrist,
1755192510.2444723,T5_command,cycle_149_1755192510219,gripper_open,
1755192510.2552087,T1_image,cycle_150_1755192510255,640x480,
1755192510.261724,T6_feedback,cycle_150_1755192510255,success:True,
1755192510.2659264,T5_command,cycle_150_1755192510255,arm_pose,
1755192510.2737408,T6_feedback,cycle_150_1755192510255,success:True,
1755192510.2795868,T4a_wrist_tf,cycle_150_1755192510255,wrist,
1755192510.285458,T1_image,cycle_151_1755192510285,640x480,
1755192510.3159137,T4a_wrist_tf,cycle_151_1755192510285,wrist,
1755192510.3223357,T1_image,cycle_152_1755192510322,640x480,
1755192510.346033,T4a_wrist_tf,cycle_152_1755192510322,wrist,
1755192510.3512118,T1_image,cycle_153_1755192510351,640x480,
1755192510.378043,T4a_wrist_tf,cycle_153_1755192510351,wrist,
1755192510.3867202,T1_image,cycle_154_1755192510386,640x480,
1755192510.3927708,T5_command,cycle_154_1755192510386,gripper_open,
1755192510.3979738,T6_feedback,cycle_154_1755192510386,success:True,
1755192510.4088385,T5_command,cycle_154_1755192510386,arm_pose,
1755192510.4141834,T4a_wrist_tf,cycle_154_1755192510386,wrist,
1755192510.4217129,T1_image,cycle_155_1755192510421,640x480,
1755192510.4235797,T6_feedback,cycle_155_1755192510421,success:True,
1755192510.4491115,T4a_wrist_tf,cycle_155_1755192510421,wrist,
1755192510.4506173,T1_image,cycle_156_1755192510450,640x480,
1755192510.4780116,T4a_wrist_tf,cycle_156_1755192510450,wrist,
1755192510.485227,T1_image,cycle_157_1755192510485,640x480,
1755192510.5106816,T4a_wrist_tf,cycle_157_1755192510485,wrist,
1755192510.5171046,T1_image,cycle_158_1755192510517,640x480,
1755192510.5405712,T4a_wrist_tf,cycle_158_1755192510517,wrist,
1755192510.5506291,T1_image,cycle_159_1755192510550,640x480,
1755192510.5795329,T4a_wrist_tf,cycle_159_1755192510550,wrist,
1755192510.5837872,T1_image,cycle_160_1755192510583,640x480,
1755192510.592188,T5_command,cycle_160_1755192510583,gripper_open,
1755192510.5964103,T6_feedback,cycle_160_1755192510583,success:True,
1755192510.6074028,T5_command,cycle_160_1755192510583,arm_pose,
1755192510.61683,T6_feedback,cycle_160_1755192510583,success:True,
1755192510.618945,T4a_wrist_tf,cycle_160_1755192510583,wrist,
1755192510.621372,T1_image,cycle_161_1755192510621,640x480,
1755192510.6471841,T4a_wrist_tf,cycle_161_1755192510621,wrist,
1755192510.651552,T1_image,cycle_162_1755192510651,640x480,
1755192510.6755323,T4a_wrist_tf,cycle_162_1755192510651,wrist,
1755192510.6846611,T1_image,cycle_163_1755192510684,640x480,
1755192510.7096198,T4a_wrist_tf,cycle_163_1755192510684,wrist,
1755192510.7172513,T1_image,cycle_164_1755192510717,640x480,
1755192510.742646,T4a_wrist_tf,cycle_164_1755192510717,wrist,
1755192510.752481,T1_image,cycle_165_1755192510752,640x480,
1755192510.7752635,T4a_wrist_tf,cycle_165_1755192510752,wrist,
1755192510.7855837,T1_image,cycle_166_1755192510785,640x480,
1755192510.7892783,T5_command,cycle_166_1755192510785,gripper_open,
1755192510.797079,T6_feedback,cycle_166_1755192510785,success:True,
1755192510.8071609,T4a_wrist_tf,cycle_166_1755192510785,wrist,
1755192510.80823,T5_command,cycle_166_1755192510785,arm_pose,
1755192510.819465,T1_image,cycle_167_1755192510819,640x480,
1755192510.8207135,T6_feedback,cycle_167_1755192510819,success:True,
1755192510.8569758,T1_image,cycle_168_1755192510856,640x480,
1755192510.866328,T4a_wrist_tf,cycle_167_1755192510819,wrist,
1755192510.8827808,T4a_wrist_tf,cycle_168_1755192510856,wrist,
1755192510.8847055,T1_image,cycle_169_1755192510884,640x480,
1755192510.9060552,T4a_wrist_tf,cycle_169_1755192510884,wrist,
1755192510.9181066,T1_image,cycle_170_1755192510918,640x480,
1755192510.9437864,T4a_wrist_tf,cycle_170_1755192510918,wrist,
1755192510.95145,T1_image,cycle_171_1755192510951,640x480,
1755192510.978166,T4a_wrist_tf,cycle_171_1755192510951,wrist,
1755192510.9855676,T1_image,cycle_172_1755192510985,640x480,
1755192511.0153859,T4a_wrist_tf,cycle_172_1755192510985,wrist,
1755192511.0188406,T1_image,cycle_173_1755192511018,640x480,
1755192511.044203,T4a_wrist_tf,cycle_173_1755192511018,wrist,
1755192511.0509381,T1_image,cycle_174_1755192511050,640x480,
1755192511.0835094,T4a_wrist_tf,cycle_174_1755192511050,wrist,
1755192511.0935698,T1_image,cycle_175_1755192511093,640x480,
1755192511.1097288,T5_command,cycle_175_1755192511093,gripper_open,
1755192511.1177413,T6_feedback,cycle_175_1755192511093,success:True,
1755192511.1223683,T1_image,cycle_176_1755192511120,640x480,
1755192511.1264157,T5_command,cycle_176_1755192511120,arm_pose,
1755192511.1280212,T4a_wrist_tf,cycle_175_1755192511093,wrist,
1755192511.1429858,T6_feedback,cycle_176_1755192511120,success:True,
1755192511.15589,T1_image,cycle_177_1755192511155,640x480,
1755192511.160698,T4a_wrist_tf,cycle_176_1755192511120,wrist,
1755192511.19076,T1_image,cycle_178_1755192511190,640x480,
1755192511.1923254,T4a_wrist_tf,cycle_177_1755192511155,wrist,
1755192511.2173378,T4a_wrist_tf,cycle_178_1755192511190,wrist,
1755192511.2197385,T1_image,cycle_179_1755192511219,640x480,
1755192511.2468178,T4a_wrist_tf,cycle_179_1755192511219,wrist,
1755192511.258711,T1_image,cycle_180_1755192511258,640x480,
1755192511.2806187,T4a_wrist_tf,cycle_180_1755192511258,wrist,
1755192511.286301,T1_image,cycle_181_1755192511286,640x480,
1755192511.3117735,T4a_wrist_tf,cycle_181_1755192511286,wrist,
1755192511.3178995,T1_image,cycle_182_1755192511317,640x480,
1755192511.3467548,T4a_wrist_tf,cycle_182_1755192511317,wrist,
1755192511.3528712,T1_image,cycle_183_1755192511352,640x480,
1755192511.360024,T5_command,cycle_183_1755192511352,gripper_open,
1755192511.3806524,T4a_wrist_tf,cycle_183_1755192511352,wrist,
1755192511.3826246,T6_feedback,cycle_183_1755192511352,success:True,
1755192511.386808,T1_image,cycle_184_1755192511386,640x480,
1755192511.3921022,T5_command,cycle_184_1755192511386,arm_pose,
1755192511.4189415,T6_feedback,cycle_184_1755192511386,success:True,
1755192511.4241626,T1_image,cycle_185_1755192511419,640x480,
1755192511.441451,T4a_wrist_tf,cycle_184_1755192511386,wrist,
1755192511.4520633,T1_image,cycle_186_1755192511452,640x480,
1755192511.4716158,T4a_wrist_tf,cycle_185_1755192511419,wrist,
1755192511.4860818,T1_image,cycle_187_1755192511486,640x480,
1755192511.5089557,T4a_wrist_tf,cycle_186_1755192511452,wrist,
1755192511.5198746,T1_image,cycle_188_1755192511519,640x480,
1755192511.5493083,T4a_wrist_tf,cycle_187_1755192511486,wrist,
1755192511.5542533,T1_image,cycle_189_1755192511554,640x480,
1755192511.5787983,T4a_wrist_tf,cycle_188_1755192511519,wrist,
1755192511.5870943,T1_image,cycle_190_1755192511587,640x480,
1755192511.6098228,T4a_wrist_tf,cycle_189_1755192511554,wrist,
1755192511.621506,T1_image,cycle_191_1755192511621,640x480,
1755192511.6279628,T5_command,cycle_191_1755192511621,gripper_open,
1755192511.631027,T6_feedback,cycle_191_1755192511621,success:True,
1755192511.6417403,T5_command,cycle_191_1755192511621,arm_pose,
1755192511.6453853,T4a_wrist_tf,cycle_190_1755192511587,wrist,
1755192511.6564593,T6_feedback,cycle_191_1755192511621,success:True,
1755192511.668482,T1_image,cycle_192_1755192511668,640x480,
1755192511.6694498,T4a_wrist_tf,cycle_191_1755192511621,wrist,
1755192511.687396,T1_image,cycle_193_1755192511687,640x480,
1755192511.7072363,T4a_wrist_tf,cycle_192_1755192511668,wrist,
1755192511.7194116,T1_image,cycle_194_1755192511719,640x480,
1755192511.7400932,T4a_wrist_tf,cycle_193_1755192511687,wrist,
1755192511.753364,T1_image,cycle_195_1755192511753,640x480,
1755192511.767818,T4a_wrist_tf,cycle_194_1755192511719,wrist,
1755192511.7880304,T1_image,cycle_196_1755192511788,640x480,
1755192511.7920141,T4a_wrist_tf,cycle_195_1755192511753,wrist,
1755192511.8218987,T1_image,cycle_197_1755192511821,640x480,
1755192511.8323474,T5_command,cycle_197_1755192511821,gripper_open,
1755192511.8330307,T6_feedback,cycle_197_1755192511821,success:True,
1755192511.8364644,T4a_wrist_tf,cycle_196_1755192511788,wrist,
1755192511.8433633,T5_command,cycle_197_1755192511821,arm_pose,
1755192511.857381,T1_image,cycle_198_1755192511857,640x480,
1755192511.8630543,T6_feedback,cycle_198_1755192511857,success:True,
1755192511.8672028,T4a_wrist_tf,cycle_197_1755192511821,wrist,
1755192511.8858802,T4a_wrist_tf,cycle_198_1755192511857,wrist,
1755192511.890385,T1_image,cycle_199_1755192511890,640x480,
1755192511.9156444,T4a_wrist_tf,cycle_199_1755192511890,wrist,
1755192511.9225423,T1_image,cycle_200_1755192511922,640x480,
1755192511.9485927,T4a_wrist_tf,cycle_200_1755192511922,wrist,
1755192511.9550197,T1_image,cycle_201_1755192511954,640x480,
1755192511.9815462,T4a_wrist_tf,cycle_201_1755192511954,wrist,
1755192511.9909546,T1_image,cycle_202_1755192511990,640x480,
1755192512.012602,T4a_wrist_tf,cycle_202_1755192511990,wrist,
1755192512.0228791,T1_image,cycle_203_1755192512022,640x480,
1755192512.039301,T5_command,cycle_203_1755192512022,gripper_open,
1755192512.0477057,T4a_wrist_tf,cycle_203_1755192512022,wrist,
1755192512.0495822,T6_feedback,cycle_203_1755192512022,success:True,
1755192512.052285,T1_image,cycle_204_1755192512052,640x480,
1755192512.0610142,T5_command,cycle_204_1755192512052,arm_pose,
1755192512.0756607,T4a_wrist_tf,cycle_204_1755192512052,wrist,
1755192512.0779452,T6_feedback,cycle_204_1755192512052,success:True,
1755192512.0857823,T1_image,cycle_205_1755192512085,640x480,
1755192512.1074824,T4a_wrist_tf,cycle_205_1755192512085,wrist,
1755192512.1189742,T1_image,cycle_206_1755192512118,640x480,
1755192512.1406326,T4a_wrist_tf,cycle_206_1755192512118,wrist,
1755192512.1541827,T1_image,cycle_207_1755192512154,640x480,
1755192512.1871948,T1_image,cycle_208_1755192512187,640x480,
1755192512.1953962,T4a_wrist_tf,cycle_207_1755192512154,wrist,
1755192512.2175498,T4a_wrist_tf,cycle_208_1755192512187,wrist,
1755192512.2211056,T1_image,cycle_209_1755192512221,640x480,
1755192512.2489505,T4a_wrist_tf,cycle_209_1755192512221,wrist,
1755192512.254647,T1_image,cycle_210_1755192512254,640x480,
1755192512.2813327,T4a_wrist_tf,cycle_210_1755192512254,wrist,
1755192512.2876441,T1_image,cycle_211_1755192512287,640x480,
1755192512.3085704,T4a_wrist_tf,cycle_211_1755192512287,wrist,
1755192512.320874,T5_command,cycle_211_1755192512287,gripper_open,
1755192512.3243387,T1_image,cycle_212_1755192512324,640x480,
1755192512.3336236,T6_feedback,cycle_212_1755192512324,success:True,
1755192512.3386548,T5_command,cycle_212_1755192512324,arm_pose,
1755192512.3429093,T4a_wrist_tf,cycle_212_1755192512324,wrist,
1755192512.3483527,T6_feedback,cycle_212_1755192512324,success:True,
1755192512.352511,T1_image,cycle_213_1755192512352,640x480,
1755192512.3846142,T4a_wrist_tf,cycle_213_1755192512352,wrist,
1755192512.3867192,T1_image,cycle_214_1755192512386,640x480,
1755192512.4175708,T4a_wrist_tf,cycle_214_1755192512386,wrist,
1755192512.4205031,T1_image,cycle_215_1755192512420,640x480,
1755192512.4458704,T4a_wrist_tf,cycle_215_1755192512420,wrist,
1755192512.454458,T1_image,cycle_216_1755192512454,640x480,
1755192512.4778016,T4a_wrist_tf,cycle_216_1755192512454,wrist,
1755192512.4872503,T1_image,cycle_217_1755192512487,640x480,
1755192512.5149367,T4a_wrist_tf,cycle_217_1755192512487,wrist,
1755192512.5227246,T1_image,cycle_218_1755192512522,640x480,
1755192512.5501292,T4a_wrist_tf,cycle_218_1755192512522,wrist,
1755192512.5543869,T1_image,cycle_219_1755192512554,640x480,
1755192512.555847,T5_command,cycle_219_1755192512554,gripper_open,
1755192512.5694392,T6_feedback,cycle_219_1755192512554,success:True,
1755192512.581952,T5_command,cycle_219_1755192512554,arm_pose,
1755192512.5866144,T1_image,cycle_220_1755192512586,640x480,
1755192512.601835,T6_feedback,cycle_220_1755192512586,success:True,
1755192512.612467,T4a_wrist_tf,cycle_219_1755192512554,wrist,
1755192512.6225924,T1_image,cycle_221_1755192512622,640x480,
1755192512.6415815,T4a_wrist_tf,cycle_220_1755192512586,wrist,
1755192512.6538625,T1_image,cycle_222_1755192512653,640x480,
1755192512.6642148,T4a_wrist_tf,cycle_221_1755192512622,wrist,
1755192512.6879168,T1_image,cycle_223_1755192512687,640x480,
1755192512.688685,T4a_wrist_tf,cycle_222_1755192512653,wrist,
1755192512.7154653,T4a_wrist_tf,cycle_223_1755192512687,wrist,
1755192512.7199996,T1_image,cycle_224_1755192512719,640x480,
1755192512.7428322,T4a_wrist_tf,cycle_224_1755192512719,wrist,
1755192512.7569156,T1_image,cycle_225_1755192512755,640x480,
1755192512.7739286,T5_command,cycle_225_1755192512755,gripper_open,
1755192512.7793782,T4a_wrist_tf,cycle_225_1755192512755,wrist,
1755192512.7840202,T6_feedback,cycle_225_1755192512755,success:True,
1755192512.7881896,T1_image,cycle_226_1755192512788,640x480,
1755192512.7969308,T5_command,cycle_226_1755192512788,arm_pose,
1755192512.8073769,T6_feedback,cycle_226_1755192512788,success:True,
1755192512.820877,T4a_wrist_tf,cycle_226_1755192512788,wrist,
1755192512.8226106,T1_image,cycle_227_1755192512822,640x480,
1755192512.8449907,T4a_wrist_tf,cycle_227_1755192512822,wrist,
1755192512.854765,T1_image,cycle_228_1755192512854,640x480,
1755192512.8850017,T4a_wrist_tf,cycle_228_1755192512854,wrist,
1755192512.8875482,T1_image,cycle_229_1755192512887,640x480,
1755192512.9101503,T4a_wrist_tf,cycle_229_1755192512887,wrist,
1755192512.920031,T1_image,cycle_230_1755192512920,640x480,
1755192512.9445062,T4a_wrist_tf,cycle_230_1755192512920,wrist,
1755192512.957571,T1_image,cycle_231_1755192512957,640x480,
1755192512.9706526,T5_command,cycle_231_1755192512957,gripper_open,
1755192512.9801567,T6_feedback,cycle_231_1755192512957,success:True,
1755192512.9818044,T4a_wrist_tf,cycle_231_1755192512957,wrist,
1755192512.9888766,T1_image,cycle_232_1755192512988,640x480,
1755192512.9950292,T5_command,cycle_232_1755192512988,arm_pose,
1755192513.0008042,T6_feedback,cycle_232_1755192512988,success:True,
1755192513.0137901,T4a_wrist_tf,cycle_232_1755192512988,wrist,
1755192513.0203166,T1_image,cycle_233_1755192513020,640x480,
1755192513.0450609,T4a_wrist_tf,cycle_233_1755192513020,wrist,
1755192513.0551648,T1_image,cycle_234_1755192513055,640x480,
1755192513.0801203,T4a_wrist_tf,cycle_234_1755192513055,wrist,
1755192513.0876644,T1_image,cycle_235_1755192513087,640x480,
1755192513.120356,T1_image,cycle_236_1755192513120,640x480,
1755192513.1233728,T4a_wrist_tf,cycle_235_1755192513087,wrist,
1755192513.1452157,T4a_wrist_tf,cycle_236_1755192513120,wrist,
1755192513.1570117,T1_image,cycle_237_1755192513154,640x480,
1755192513.1785429,T4a_wrist_tf,cycle_237_1755192513154,wrist,
1755192513.184021,T5_command,cycle_237_1755192513154,gripper_open,
1755192513.1903682,T6_feedback,cycle_237_1755192513154,success:True,
1755192513.1910872,T1_image,cycle_238_1755192513190,640x480,
1755192513.2002447,T5_command,cycle_238_1755192513190,arm_pose,
1755192513.2094011,T6_feedback,cycle_238_1755192513190,success:True,
1755192513.2191184,T4a_wrist_tf,cycle_238_1755192513190,wrist,
1755192513.22389,T1_image,cycle_239_1755192513223,640x480,
1755192513.248419,T4a_wrist_tf,cycle_239_1755192513223,wrist,
1755192513.2543273,T1_image,cycle_240_1755192513254,640x480,
1755192513.2781372,T4a_wrist_tf,cycle_240_1755192513254,wrist,
1755192513.288155,T1_image,cycle_241_1755192513288,640x480,
1755192513.3113647,T4a_wrist_tf,cycle_241_1755192513288,wrist,
1755192513.320173,T1_image,cycle_242_1755192513320,640x480,
1755192513.3436232,T4a_wrist_tf,cycle_242_1755192513320,wrist,
1755192513.3544009,T1_image,cycle_243_1755192513354,640x480,
1755192513.3776374,T4a_wrist_tf,cycle_243_1755192513354,wrist,
1755192513.3940914,T1_image,cycle_244_1755192513394,640x480,
1755192513.3959098,T5_command,cycle_244_1755192513394,gripper_open,
1755192513.4047678,T6_feedback,cycle_244_1755192513394,success:True,
1755192513.4142697,T5_command,cycle_244_1755192513394,arm_pose,
1755192513.415212,T4a_wrist_tf,cycle_244_1755192513394,wrist,
1755192513.4228249,T1_image,cycle_245_1755192513422,640x480,
1755192513.4244606,T6_feedback,cycle_245_1755192513422,success:True,
1755192513.447201,T4a_wrist_tf,cycle_245_1755192513422,wrist,
1755192513.4543006,T1_image,cycle_246_1755192513454,640x480,
1755192513.477323,T4a_wrist_tf,cycle_246_1755192513454,wrist,
1755192513.4887319,T1_image,cycle_247_1755192513488,640x480,
1755192513.5115817,T4a_wrist_tf,cycle_247_1755192513488,wrist,
1755192513.5242167,T1_image,cycle_248_1755192513524,640x480,
1755192513.546376,T4a_wrist_tf,cycle_248_1755192513524,wrist,
1755192513.5607734,T1_image,cycle_249_1755192513560,640x480,
1755192513.5863583,T4a_wrist_tf,cycle_249_1755192513560,wrist,
1755192513.5892346,T1_image,cycle_250_1755192513589,640x480,
1755192513.6028628,T5_command,cycle_250_1755192513589,gripper_open,
1755192513.6144638,T6_feedback,cycle_250_1755192513589,success:True,
1755192513.622089,T1_image,cycle_251_1755192513622,640x480,
1755192513.6255682,T5_command,cycle_251_1755192513622,arm_pose,
1755192513.6278958,T4a_wrist_tf,cycle_250_1755192513589,wrist,
1755192513.639969,T6_feedback,cycle_251_1755192513622,success:True,
1755192513.6529112,T4a_wrist_tf,cycle_251_1755192513622,wrist,
1755192513.6550305,T1_image,cycle_252_1755192513655,640x480,
1755192513.681185,T4a_wrist_tf,cycle_252_1755192513655,wrist,
1755192513.6888194,T1_image,cycle_253_1755192513688,640x480,
1755192513.7141285,T4a_wrist_tf,cycle_253_1755192513688,wrist,
1755192513.7211323,T1_image,cycle_254_1755192513721,640x480,
1755192513.7498977,T4a_wrist_tf,cycle_254_1755192513721,wrist,
1755192513.756328,T1_image,cycle_255_1755192513756,640x480,
1755192513.786399,T4a_wrist_tf,cycle_255_1755192513756,wrist,
1755192513.7924616,T1_image,cycle_256_1755192513792,640x480,
1755192513.804697,T5_command,cycle_256_1755192513792,gripper_open,
1755192513.8161762,T6_feedback,cycle_256_1755192513792,success:True,
1755192513.8227687,T1_image,cycle_257_1755192513822,640x480,
1755192513.8247898,T5_command,cycle_257_1755192513822,arm_pose,
1755192513.8260477,T4a_wrist_tf,cycle_256_1755192513792,wrist,
1755192513.8428347,T6_feedback,cycle_257_1755192513822,success:True,
1755192513.8546133,T1_image,cycle_258_1755192513854,640x480,
1755192513.8564966,T4a_wrist_tf,cycle_257_1755192513822,wrist,
1755192513.8850138,T4a_wrist_tf,cycle_258_1755192513854,wrist,
1755192513.8881223,T1_image,cycle_259_1755192513888,640x480,
1755192513.9183683,T4a_wrist_tf,cycle_259_1755192513888,wrist,
1755192513.9213288,T1_image,cycle_260_1755192513921,640x480,
1755192513.948179,T4a_wrist_tf,cycle_260_1755192513921,wrist,
1755192513.9567168,T1_image,cycle_261_1755192513956,640x480,
1755192513.9829233,T4a_wrist_tf,cycle_261_1755192513956,wrist,
1755192513.9895692,T1_image,cycle_262_1755192513989,640x480,
1755192514.0169132,T5_command,cycle_262_1755192513989,gripper_open,
1755192514.0224562,T4a_wrist_tf,cycle_262_1755192513989,wrist,
1755192514.023318,T1_image,cycle_263_1755192514023,640x480,
1755192514.0310566,T6_feedback,cycle_263_1755192514023,success:True,
1755192514.0438259,T5_command,cycle_263_1755192514023,arm_pose,
1755192514.050625,T6_feedback,cycle_263_1755192514023,success:True,
1755192514.052849,T4a_wrist_tf,cycle_263_1755192514023,wrist,
1755192514.056669,T1_image,cycle_264_1755192514056,640x480,
1755192514.0877428,T4a_wrist_tf,cycle_264_1755192514056,wrist,
1755192514.0896242,T1_image,cycle_265_1755192514088,640x480,
1755192514.1227615,T1_image,cycle_266_1755192514122,640x480,
1755192514.1417027,T4a_wrist_tf,cycle_265_1755192514088,wrist,
1755192514.1558168,T1_image,cycle_267_1755192514155,640x480,
1755192514.164679,T4a_wrist_tf,cycle_266_1755192514122,wrist,
1755192514.1969132,T1_image,cycle_268_1755192514196,640x480,
1755192514.1994984,T4a_wrist_tf,cycle_267_1755192514155,wrist,
1755192514.2202573,T5_command,cycle_268_1755192514196,gripper_open,
1755192514.2235668,T1_image,cycle_269_1755192514223,640x480,
1755192514.232386,T6_feedback,cycle_269_1755192514223,success:True,
1755192514.2350383,T4a_wrist_tf,cycle_268_1755192514196,wrist,
1755192514.2435334,T5_command,cycle_269_1755192514223,arm_pose,
1755192514.2488534,T6_feedback,cycle_269_1755192514223,success:True,
1755192514.2559946,T4a_wrist_tf,cycle_269_1755192514223,wrist,
1755192514.2574925,T1_image,cycle_270_1755192514257,640x480,
1755192514.2825415,T4a_wrist_tf,cycle_270_1755192514257,wrist,
1755192514.2895818,T1_image,cycle_271_1755192514289,640x480,
1755192514.315569,T4a_wrist_tf,cycle_271_1755192514289,wrist,
1755192514.322326,T1_image,cycle_272_1755192514322,640x480,
1755192514.3541563,T4a_wrist_tf,cycle_272_1755192514322,wrist,
1755192514.3571827,T1_image,cycle_273_1755192514357,640x480,
1755192514.3889241,T4a_wrist_tf,cycle_273_1755192514357,wrist,
1755192514.3920314,T1_image,cycle_274_1755192514392,640x480,
1755192514.4044006,T5_command,cycle_274_1755192514392,gripper_open,
1755192514.4151025,T6_feedback,cycle_274_1755192514392,success:True,
1755192514.4266016,T1_image,cycle_275_1755192514426,640x480,
1755192514.4281416,T4a_wrist_tf,cycle_274_1755192514392,wrist,
1755192514.4311385,T5_command,cycle_275_1755192514426,arm_pose,
1755192514.440114,T6_feedback,cycle_275_1755192514426,success:True,
1755192514.4539087,T4a_wrist_tf,cycle_275_1755192514426,wrist,
1755192514.4551036,T1_image,cycle_276_1755192514455,640x480,
1755192514.485651,T4a_wrist_tf,cycle_276_1755192514455,wrist,
1755192514.4894376,T1_image,cycle_277_1755192514489,640x480,
1755192514.5185604,T4a_wrist_tf,cycle_277_1755192514489,wrist,
1755192514.5241556,T1_image,cycle_278_1755192514524,640x480,
1755192514.5521443,T4a_wrist_tf,cycle_278_1755192514524,wrist,
1755192514.55639,T1_image,cycle_279_1755192514556,640x480,
1755192514.5897465,T1_image,cycle_280_1755192514589,640x480,
1755192514.5927591,T5_command,cycle_280_1755192514589,gripper_open,
1755192514.59499,T4a_wrist_tf,cycle_279_1755192514556,wrist,
1755192514.6156733,T6_feedback,cycle_280_1755192514589,success:True,
1755192514.6189258,T4a_wrist_tf,cycle_280_1755192514589,wrist,
1755192514.6227145,T1_image,cycle_281_1755192514622,640x480,
1755192514.6304924,T5_command,cycle_281_1755192514622,arm_pose,
1755192514.6389265,T6_feedback,cycle_281_1755192514622,success:True,
1755192514.6561005,T1_image,cycle_282_1755192514656,640x480,
1755192514.6629186,T4a_wrist_tf,cycle_281_1755192514622,wrist,
1755192514.688741,T1_image,cycle_283_1755192514688,640x480,
1755192514.6901774,T4a_wrist_tf,cycle_282_1755192514656,wrist,
1755192514.719045,T4a_wrist_tf,cycle_283_1755192514688,wrist,
1755192514.7225425,T1_image,cycle_284_1755192514722,640x480,
1755192514.7456791,T4a_wrist_tf,cycle_284_1755192514722,wrist,
1755192514.7585492,T1_image,cycle_285_1755192514758,640x480,
1755192514.7844524,T4a_wrist_tf,cycle_285_1755192514758,wrist,
1755192514.785101,T5_command,cycle_285_1755192514758,gripper_open,
1755192514.7909343,T1_image,cycle_286_1755192514790,640x480,
1755192514.7931488,T6_feedback,cycle_286_1755192514790,success:True,
1755192514.8112254,T5_command,cycle_286_1755192514790,arm_pose,
1755192514.8159208,T4a_wrist_tf,cycle_286_1755192514790,wrist,
1755192514.8226762,T1_image,cycle_287_1755192514822,640x480,
1755192514.8238862,T6_feedback,cycle_287_1755192514822,success:True,
1755192514.854889,T4a_wrist_tf,cycle_287_1755192514822,wrist,
1755192514.8579662,T1_image,cycle_288_1755192514857,640x480,
1755192514.8886235,T4a_wrist_tf,cycle_288_1755192514857,wrist,
1755192514.8944316,T1_image,cycle_289_1755192514894,640x480,
1755192514.9227614,T1_image,cycle_290_1755192514922,640x480,
1755192514.9314368,T4a_wrist_tf,cycle_289_1755192514894,wrist,
1755192514.9511015,T4a_wrist_tf,cycle_290_1755192514922,wrist,
1755192514.9700596,T1_image,cycle_291_1755192514970,640x480,
1755192514.9831593,T4a_wrist_tf,cycle_291_1755192514970,wrist,
1755192514.9953704,T1_image,cycle_292_1755192514995,640x480,
1755192514.9999163,T5_command,cycle_292_1755192514995,gripper_open,
1755192515.001098,T6_feedback,cycle_292_1755192514995,success:True,
1755192515.0153372,T5_command,cycle_292_1755192514995,arm_pose,
1755192515.02043,T4a_wrist_tf,cycle_292_1755192514995,wrist,
1755192515.0217328,T6_feedback,cycle_292_1755192514995,success:True,
1755192515.0285697,T1_image,cycle_293_1755192515028,640x480,
1755192515.0543098,T4a_wrist_tf,cycle_293_1755192515028,wrist,
1755192515.0568483,T1_image,cycle_294_1755192515056,640x480,
1755192515.0893717,T1_image,cycle_295_1755192515089,640x480,
1755192515.1034956,T4a_wrist_tf,cycle_294_1755192515056,wrist,
1755192515.1258953,T1_image,cycle_296_1755192515125,640x480,
1755192515.1317384,T4a_wrist_tf,cycle_295_1755192515089,wrist,
1755192515.1560156,T4a_wrist_tf,cycle_296_1755192515125,wrist,
1755192515.1657858,T1_image,cycle_297_1755192515165,640x480,
1755192515.1904602,T1_image,cycle_298_1755192515190,640x480,
1755192515.203608,T5_command,cycle_298_1755192515190,gripper_open,
1755192515.2125714,T6_feedback,cycle_298_1755192515190,success:True,
1755192515.2170098,T4a_wrist_tf,cycle_297_1755192515165,wrist,
1755192515.2227929,T5_command,cycle_298_1755192515190,arm_pose,
1755192515.2372909,T1_image,cycle_299_1755192515237,640x480,
1755192515.239881,T6_feedback,cycle_299_1755192515237,success:True,
1755192515.2566812,T1_image,cycle_300_1755192515256,640x480,
1755192515.2649784,T4a_wrist_tf,cycle_298_1755192515190,wrist,
1755192515.285819,T4a_wrist_tf,cycle_299_1755192515237,wrist,
1755192515.2914517,T1_image,cycle_301_1755192515291,640x480,
1755192515.3081083,T4a_wrist_tf,cycle_300_1755192515256,wrist,
1755192515.3233063,T1_image,cycle_302_1755192515323,640x480,
1755192515.3342564,T4a_wrist_tf,cycle_301_1755192515291,wrist,
1755192515.354796,T4a_wrist_tf,cycle_302_1755192515323,wrist,
1755192515.356667,T1_image,cycle_303_1755192515356,640x480,
1755192515.3866348,T4a_wrist_tf,cycle_303_1755192515356,wrist,
1755192515.3999257,T5_command,cycle_303_1755192515356,gripper_open,
1755192515.4045253,T1_image,cycle_304_1755192515404,640x480,
1755192515.4164941,T6_feedback,cycle_304_1755192515404,success:True,
1755192515.4246185,T5_command,cycle_304_1755192515404,arm_pose,
1755192515.4254172,T1_image,cycle_305_1755192515425,640x480,
1755192515.43147,T4a_wrist_tf,cycle_304_1755192515404,wrist,
1755192515.4360735,T6_feedback,cycle_305_1755192515425,success:True,
1755192515.4636042,T1_image,cycle_306_1755192515463,640x480,
1755192515.4650493,T4a_wrist_tf,cycle_305_1755192515425,wrist,
1755192515.4903562,T1_image,cycle_307_1755192515490,640x480,
1755192515.497064,T4a_wrist_tf,cycle_306_1755192515463,wrist,
1755192515.521925,T4a_wrist_tf,cycle_307_1755192515490,wrist,
1755192515.5273519,T1_image,cycle_308_1755192515527,640x480,
1755192515.5571728,T4a_wrist_tf,cycle_308_1755192515527,wrist,
1755192515.5583663,T1_image,cycle_309_1755192515558,640x480,
1755192515.582591,T5_command,cycle_309_1755192515558,gripper_open,
1755192515.589097,T6_feedback,cycle_309_1755192515558,success:True,
1755192515.5959113,T1_image,cycle_310_1755192515595,640x480,
1755192515.5995626,T5_command,cycle_310_1755192515595,arm_pose,
1755192515.6055431,T4a_wrist_tf,cycle_309_1755192515558,wrist,
1755192515.622799,T6_feedback,cycle_310_1755192515595,success:True,
1755192515.625397,T1_image,cycle_311_1755192515625,640x480,
1755192515.6320062,T4a_wrist_tf,cycle_310_1755192515595,wrist,
1755192515.6611917,T1_image,cycle_312_1755192515659,640x480,
1755192515.6649885,T4a_wrist_tf,cycle_311_1755192515625,wrist,
1755192515.6889644,T4a_wrist_tf,cycle_312_1755192515659,wrist,
1755192515.6940885,T1_image,cycle_313_1755192515694,640x480,
1755192515.7275903,T1_image,cycle_314_1755192515727,640x480,
1755192515.7312481,T4a_wrist_tf,cycle_313_1755192515694,wrist,
1755192515.7560606,T4a_wrist_tf,cycle_314_1755192515727,wrist,
1755192515.7580671,T1_image,cycle_315_1755192515758,640x480,
1755192515.7887769,T4a_wrist_tf,cycle_315_1755192515758,wrist,
1755192515.7937813,T1_image,cycle_316_1755192515793,640x480,
1755192515.8109689,T5_command,cycle_316_1755192515793,gripper_open,
1755192515.8185258,T6_feedback,cycle_316_1755192515793,success:True,
1755192515.8220804,T4a_wrist_tf,cycle_316_1755192515793,wrist,
1755192515.8236313,T1_image,cycle_317_1755192515823,640x480,
1755192515.8298671,T5_command,cycle_317_1755192515823,arm_pose,
1755192515.8424008,T6_feedback,cycle_317_1755192515823,success:True,
1755192515.8574874,T4a_wrist_tf,cycle_317_1755192515823,wrist,
1755192515.9032848,T1_image,cycle_318_1755192515860,640x480,
1755192515.9044309,T1_image,cycle_319_1755192515904,640x480,
1755192515.904503,T4a_wrist_tf,cycle_318_1755192515860,wrist,
1755192515.9253428,T4a_wrist_tf,cycle_319_1755192515904,wrist,
1755192515.927835,T1_image,cycle_320_1755192515927,640x480,
1755192515.9594166,T1_image,cycle_321_1755192515959,640x480,
1755192515.9610987,T4a_wrist_tf,cycle_320_1755192515927,wrist,
1755192515.9681373,T5_command,cycle_321_1755192515959,gripper_open,
1755192515.977732,T6_feedback,cycle_321_1755192515959,success:True,
1755192515.985094,T5_command,cycle_321_1755192515959,arm_pose,
1755192516.0023892,T4a_wrist_tf,cycle_321_1755192515959,wrist,
1755192516.011088,T1_image,cycle_322_1755192516005,640x480,
1755192516.0113547,T6_feedback,cycle_321_1755192515959,success:True,
1755192516.0274084,T1_image,cycle_323_1755192516027,640x480,
1755192516.0418959,T4a_wrist_tf,cycle_322_1755192516005,wrist,
1755192516.058798,T1_image,cycle_324_1755192516058,640x480,
1755192516.0707912,T4a_wrist_tf,cycle_323_1755192516027,wrist,
1755192516.097198,T1_image,cycle_325_1755192516097,640x480,
1755192516.1060908,T4a_wrist_tf,cycle_324_1755192516058,wrist,
1755192516.1274102,T1_image,cycle_326_1755192516127,640x480,
1755192516.1314068,T4a_wrist_tf,cycle_325_1755192516097,wrist,
1755192516.1587238,T1_image,cycle_327_1755192516158,640x480,
1755192516.164842,T4a_wrist_tf,cycle_326_1755192516127,wrist,
1755192516.1730437,T5_command,cycle_327_1755192516158,gripper_open,
1755192516.1842382,T6_feedback,cycle_327_1755192516158,success:True,
1755192516.1952987,T5_command,cycle_327_1755192516158,arm_pose,
1755192516.2008293,T6_feedback,cycle_327_1755192516158,success:True,
1755192516.203499,T1_image,cycle_328_1755192516196,640x480,
1755192516.2065034,T4a_wrist_tf,cycle_327_1755192516158,wrist,
1755192516.2274334,T1_image,cycle_329_1755192516227,640x480,
1755192516.2389112,T4a_wrist_tf,cycle_328_1755192516196,wrist,
1755192516.260021,T1_image,cycle_330_1755192516259,640x480,
1755192516.2837663,T4a_wrist_tf,cycle_329_1755192516227,wrist,
1755192516.2957425,T1_image,cycle_331_1755192516295,640x480,
1755192516.3148115,T4a_wrist_tf,cycle_330_1755192516259,wrist,
1755192516.3248477,T1_image,cycle_332_1755192516324,640x480,
1755192516.3490224,T4a_wrist_tf,cycle_331_1755192516295,wrist,
1755192516.3615892,T1_image,cycle_333_1755192516361,640x480,
1755192516.3728878,T4a_wrist_tf,cycle_332_1755192516324,wrist,
1755192516.3929174,T1_image,cycle_334_1755192516392,640x480,
1755192516.4048862,T4a_wrist_tf,cycle_333_1755192516361,wrist,
1755192516.4087906,T5_command,cycle_334_1755192516392,gripper_open,
1755192516.4260752,T1_image,cycle_335_1755192516426,640x480,
1755192516.4338045,T6_feedback,cycle_335_1755192516426,success:True,
1755192516.4359484,T4a_wrist_tf,cycle_334_1755192516392,wrist,
1755192516.4414122,T5_command,cycle_335_1755192516426,arm_pose,
1755192516.4485319,T6_feedback,cycle_335_1755192516426,success:True,
1755192516.4641113,T1_image,cycle_336_1755192516459,640x480,
1755192516.4660277,T4a_wrist_tf,cycle_335_1755192516426,wrist,
1755192516.484015,T4a_wrist_tf,cycle_336_1755192516459,wrist,
1755192516.4910195,T1_image,cycle_337_1755192516490,640x480,
1755192516.5199394,T4a_wrist_tf,cycle_337_1755192516490,wrist,
1755192516.5274189,T1_image,cycle_338_1755192516527,640x480,
1755192516.5480678,T4a_wrist_tf,cycle_338_1755192516527,wrist,
1755192516.5578334,T1_image,cycle_339_1755192516557,640x480,
1755192516.5852122,T4a_wrist_tf,cycle_339_1755192516557,wrist,
1755192516.5917768,T1_image,cycle_340_1755192516591,640x480,
1755192516.6269007,T4a_wrist_tf,cycle_340_1755192516591,wrist,
1755192516.6279745,T5_command,cycle_340_1755192516591,gripper_open,
1755192516.6301138,T1_image,cycle_341_1755192516628,640x480,
1755192516.6361349,T6_feedback,cycle_341_1755192516628,success:True,
1755192516.6453166,T5_command,cycle_341_1755192516628,arm_pose,
1755192516.6523128,T6_feedback,cycle_341_1755192516628,success:True,
1755192516.6613655,T4a_wrist_tf,cycle_341_1755192516628,wrist,
1755192516.6651313,T1_image,cycle_342_1755192516665,640x480,
1755192516.6919231,T4a_wrist_tf,cycle_342_1755192516665,wrist,
1755192516.6962745,T1_image,cycle_343_1755192516696,640x480,
1755192516.7215207,T4a_wrist_tf,cycle_343_1755192516696,wrist,
1755192516.7267118,T1_image,cycle_344_1755192516726,640x480,
1755192516.7475011,T4a_wrist_tf,cycle_344_1755192516726,wrist,
1755192516.7584908,T1_image,cycle_345_1755192516758,640x480,
1755192516.7879994,T4a_wrist_tf,cycle_345_1755192516758,wrist,
1755192516.7914271,T1_image,cycle_346_1755192516791,640x480,
1755192516.8173885,T4a_wrist_tf,cycle_346_1755192516791,wrist,
1755192516.8249323,T1_image,cycle_347_1755192516824,640x480,
1755192516.853523,T4a_wrist_tf,cycle_347_1755192516824,wrist,
1755192516.9053924,T5_command,cycle_348_1755192516860,gripper_open,
1755192516.9064865,T1_image,cycle_348_1755192516860,640x480,
1755192516.9084036,T6_feedback,cycle_348_1755192516860,success:True,
1755192516.90869,T1_image,cycle_349_1755192516907,640x480,
1755192516.9093356,T5_command,cycle_349_1755192516907,arm_pose,
1755192516.9098463,T4a_wrist_tf,cycle_348_1755192516860,wrist,
1755192516.915238,T6_feedback,cycle_349_1755192516907,success:True,
1755192516.9271066,T1_image,cycle_350_1755192516927,640x480,
1755192516.9501114,T4a_wrist_tf,cycle_349_1755192516907,wrist,
1755192516.9649744,T1_image,cycle_351_1755192516964,640x480,
1755192516.9717522,T4a_wrist_tf,cycle_350_1755192516927,wrist,
1755192516.9935312,T4a_wrist_tf,cycle_351_1755192516964,wrist,
1755192516.9991236,T1_image,cycle_352_1755192516997,640x480,
1755192517.017406,T4a_wrist_tf,cycle_352_1755192516997,wrist,
1755192517.027344,T1_image,cycle_353_1755192517026,640x480,
1755192517.0562005,T4a_wrist_tf,cycle_353_1755192517026,wrist,
1755192517.0595486,T1_image,cycle_354_1755192517059,640x480,
1755192517.0734067,T5_command,cycle_354_1755192517059,gripper_open,
1755192517.082645,T6_feedback,cycle_354_1755192517059,success:True,
1755192517.0931923,T4a_wrist_tf,cycle_354_1755192517059,wrist,
1755192517.0938337,T5_command,cycle_354_1755192517059,arm_pose,
1755192517.094994,T1_image,cycle_355_1755192517094,640x480,
1755192517.1035407,T6_feedback,cycle_355_1755192517094,success:True,
1755192517.1267083,T4a_wrist_tf,cycle_355_1755192517094,wrist,
1755192517.1290967,T1_image,cycle_356_1755192517129,640x480,
1755192517.1535928,T4a_wrist_tf,cycle_356_1755192517129,wrist,
1755192517.1600194,T1_image,cycle_357_1755192517159,640x480,
1755192517.1899588,T4a_wrist_tf,cycle_357_1755192517159,wrist,
1755192517.1917708,T1_image,cycle_358_1755192517191,640x480,
1755192517.2200563,T4a_wrist_tf,cycle_358_1755192517191,wrist,
1755192517.225394,T1_image,cycle_359_1755192517225,640x480,
1755192517.2496629,T4a_wrist_tf,cycle_359_1755192517225,wrist,
1755192517.2590349,T1_image,cycle_360_1755192517259,640x480,
1755192517.2897735,T4a_wrist_tf,cycle_360_1755192517259,wrist,
1755192517.2931635,T1_image,cycle_361_1755192517293,640x480,
1755192517.3079073,T5_command,cycle_361_1755192517293,gripper_open,
1755192517.3216677,T6_feedback,cycle_361_1755192517293,success:True,
1755192517.326717,T4a_wrist_tf,cycle_361_1755192517293,wrist,
1755192517.3407876,T1_image,cycle_362_1755192517340,640x480,
1755192517.3425856,T5_command,cycle_362_1755192517340,arm_pose,
1755192517.3504667,T6_feedback,cycle_362_1755192517340,success:True,
1755192517.3584645,T4a_wrist_tf,cycle_362_1755192517340,wrist,
1755192517.3666685,T1_image,cycle_363_1755192517359,640x480,
1755192517.3880513,T4a_wrist_tf,cycle_363_1755192517359,wrist,
1755192517.3936217,T1_image,cycle_364_1755192517393,640x480,
1755192517.4156852,T4a_wrist_tf,cycle_364_1755192517393,wrist,
1755192517.425876,T1_image,cycle_365_1755192517425,640x480,
1755192517.4506063,T4a_wrist_tf,cycle_365_1755192517425,wrist,
1755192517.463291,T1_image,cycle_366_1755192517463,640x480,
1755192517.4833899,T4a_wrist_tf,cycle_366_1755192517463,wrist,
1755192517.4999762,T1_image,cycle_367_1755192517499,640x480,
1755192517.5069833,T5_command,cycle_367_1755192517499,gripper_open,
1755192517.5100076,T6_feedback,cycle_367_1755192517499,success:True,
1755192517.5176148,T5_command,cycle_367_1755192517499,arm_pose,
1755192517.5206811,T4a_wrist_tf,cycle_367_1755192517499,wrist,
1755192517.5283241,T1_image,cycle_368_1755192517528,640x480,
1755192517.5290685,T6_feedback,cycle_368_1755192517528,success:True,
1755192517.5517209,T4a_wrist_tf,cycle_368_1755192517528,wrist,
1755192517.5610573,T1_image,cycle_369_1755192517561,640x480,
1755192517.5803218,T4a_wrist_tf,cycle_369_1755192517561,wrist,
1755192517.592948,T1_image,cycle_370_1755192517592,640x480,
1755192517.6178405,T4a_wrist_tf,cycle_370_1755192517592,wrist,
1755192517.6258166,T1_image,cycle_371_1755192517625,640x480,
1755192517.6495657,T2_gesture,cycle_371_1755192517625,1,
1755192517.6537137,T4a_wrist_tf,cycle_371_1755192517625,wrist,
1755192517.6628685,T1_image,cycle_372_1755192517662,640x480,
1755192517.6843078,T4a_wrist_tf,cycle_372_1755192517662,wrist,
1755192517.6865625,T5_command,cycle_372_1755192517662,gripper_close,
1755192517.6930912,T1_image,cycle_373_1755192517693,640x480,
1755192517.6968403,T6_feedback,cycle_373_1755192517693,success:True,
1755192517.710975,T5_command,cycle_373_1755192517693,arm_pose,
1755192517.716012,T6_feedback,cycle_373_1755192517693,success:True,
1755192517.7222364,T4a_wrist_tf,cycle_373_1755192517693,wrist,
1755192517.725711,T1_image,cycle_374_1755192517725,640x480,
1755192517.7464716,T4a_wrist_tf,cycle_374_1755192517725,wrist,
1755192517.7596881,T1_image,cycle_375_1755192517759,640x480,
1755192517.7822134,T4a_wrist_tf,cycle_375_1755192517759,wrist,
1755192517.7924635,T1_image,cycle_376_1755192517792,640x480,
1755192517.8109722,T4a_wrist_tf,cycle_376_1755192517792,wrist,
1755192517.8264625,T1_image,cycle_377_1755192517826,640x480,
1755192517.847966,T4a_wrist_tf,cycle_377_1755192517826,wrist,
1755192517.9031565,T1_image,cycle_378_1755192517865,640x480,
1755192517.9039311,T1_image,cycle_379_1755192517903,640x480,
1755192517.9045868,T5_command,cycle_379_1755192517903,gripper_close,
1755192517.906943,T4a_wrist_tf,cycle_378_1755192517865,wrist,
1755192517.911128,T6_feedback,cycle_379_1755192517903,success:True,
1755192517.9193435,T5_command,cycle_379_1755192517903,arm_pose,
1755192517.9219267,T4a_wrist_tf,cycle_379_1755192517903,wrist,
1755192517.9263535,T6_feedback,cycle_379_1755192517903,success:True,
1755192517.9328573,T1_image,cycle_380_1755192517932,640x480,
1755192517.9593968,T4a_wrist_tf,cycle_380_1755192517932,wrist,
1755192517.961911,T1_image,cycle_381_1755192517961,640x480,
1755192517.985073,T4a_wrist_tf,cycle_381_1755192517961,wrist,
1755192517.9959993,T1_image,cycle_382_1755192517995,640x480,
1755192518.0172975,T4a_wrist_tf,cycle_382_1755192517995,wrist,
1755192518.0286062,T1_image,cycle_383_1755192518028,640x480,
1755192518.0526416,T4a_wrist_tf,cycle_383_1755192518028,wrist,
1755192518.060174,T1_image,cycle_384_1755192518060,640x480,
1755192518.0845714,T4a_wrist_tf,cycle_384_1755192518060,wrist,
1755192518.0895963,T5_command,cycle_384_1755192518060,gripper_close,
1755192518.094819,T1_image,cycle_385_1755192518094,640x480,
1755192518.1157987,T6_feedback,cycle_385_1755192518094,success:True,
1755192518.1216016,T4a_wrist_tf,cycle_385_1755192518094,wrist,
1755192518.1263235,T1_image,cycle_386_1755192518126,640x480,
1755192518.1289887,T5_command,cycle_386_1755192518126,arm_pose,
1755192518.1377628,T6_feedback,cycle_386_1755192518126,success:True,
1755192518.1525693,T4a_wrist_tf,cycle_386_1755192518126,wrist,
1755192518.1597407,T1_image,cycle_387_1755192518159,640x480,
1755192518.1819708,T4a_wrist_tf,cycle_387_1755192518159,wrist,
1755192518.193302,T1_image,cycle_388_1755192518193,640x480,
1755192518.2171383,T4a_wrist_tf,cycle_388_1755192518193,wrist,
1755192518.2263272,T1_image,cycle_389_1755192518226,640x480,
1755192518.2485235,T4a_wrist_tf,cycle_389_1755192518226,wrist,
1755192518.2595897,T1_image,cycle_390_1755192518259,640x480,
1755192518.2824745,T4a_wrist_tf,cycle_390_1755192518259,wrist,
1755192518.3006582,T1_image,cycle_391_1755192518300,640x480,
1755192518.310192,T5_command,cycle_391_1755192518300,gripper_close,
1755192518.3222876,T6_feedback,cycle_391_1755192518300,success:True,
1755192518.3277965,T4a_wrist_tf,cycle_391_1755192518300,wrist,
1755192518.3346262,T1_image,cycle_392_1755192518334,640x480,
1755192518.3357222,T5_command,cycle_392_1755192518334,arm_pose,
1755192518.3477986,T6_feedback,cycle_392_1755192518334,success:True,
1755192518.3533213,T4a_wrist_tf,cycle_392_1755192518334,wrist,
1755192518.3614957,T1_image,cycle_393_1755192518361,640x480,
1755192518.3864717,T4a_wrist_tf,cycle_393_1755192518361,wrist,
1755192518.394337,T1_image,cycle_394_1755192518394,640x480,
1755192518.4177167,T4a_wrist_tf,cycle_394_1755192518394,wrist,
1755192518.426844,T1_image,cycle_395_1755192518426,640x480,
1755192518.45093,T4a_wrist_tf,cycle_395_1755192518426,wrist,
1755192518.4630046,T1_image,cycle_396_1755192518462,640x480,
1755192518.4940503,T4a_wrist_tf,cycle_396_1755192518462,wrist,
1755192518.4949603,T1_image,cycle_397_1755192518494,640x480,
1755192518.519965,T4a_wrist_tf,cycle_397_1755192518494,wrist,
1755192518.5283084,T1_image,cycle_398_1755192518528,640x480,
1755192518.5491984,T4a_wrist_tf,cycle_398_1755192518528,wrist,
1755192518.5609727,T1_image,cycle_399_1755192518560,640x480,
1755192518.5874665,T4a_wrist_tf,cycle_399_1755192518560,wrist,
1755192518.5895088,T5_command,cycle_399_1755192518560,gripper_close,
1755192518.594607,T1_image,cycle_400_1755192518594,640x480,
1755192518.5997398,T6_feedback,cycle_400_1755192518594,success:True,
1755192518.6189942,T5_command,cycle_400_1755192518594,arm_pose,
1755192518.6246436,T4a_wrist_tf,cycle_400_1755192518594,wrist,
1755192518.6277614,T1_image,cycle_401_1755192518627,640x480,
1755192518.6354465,T6_feedback,cycle_401_1755192518627,success:True,
1755192518.6518362,T4a_wrist_tf,cycle_401_1755192518627,wrist,
1755192518.6618617,T1_image,cycle_402_1755192518661,640x480,
1755192518.6831558,T4a_wrist_tf,cycle_402_1755192518661,wrist,
1755192518.6954517,T1_image,cycle_403_1755192518695,640x480,
1755192518.7164006,T4a_wrist_tf,cycle_403_1755192518695,wrist,
1755192518.7278469,T1_image,cycle_404_1755192518727,640x480,
1755192518.751247,T4a_wrist_tf,cycle_404_1755192518727,wrist,
1755192518.760187,T1_image,cycle_405_1755192518760,640x480,
1755192518.7847152,T5_command,cycle_405_1755192518760,gripper_close,
1755192518.7921605,T4a_wrist_tf,cycle_405_1755192518760,wrist,
1755192518.7955968,T6_feedback,cycle_405_1755192518760,success:True,
1755192518.7974548,T1_image,cycle_406_1755192518796,640x480,
1755192518.8083634,T5_command,cycle_406_1755192518796,arm_pose,
1755192518.820047,T6_feedback,cycle_406_1755192518796,success:True,
1755192518.8207133,T4a_wrist_tf,cycle_406_1755192518796,wrist,
1755192518.8282983,T1_image,cycle_407_1755192518828,640x480,
1755192518.8527586,T4a_wrist_tf,cycle_407_1755192518828,wrist,
1755192518.894564,T1_image,cycle_408_1755192518861,640x480,
1755192518.8988097,T1_image,cycle_409_1755192518898,640x480,
1755192518.9088945,T4a_wrist_tf,cycle_408_1755192518861,wrist,
1755192518.9296758,T1_image,cycle_410_1755192518929,640x480,
1755192518.931987,T4a_wrist_tf,cycle_409_1755192518898,wrist,
1755192518.9614408,T4a_wrist_tf,cycle_410_1755192518929,wrist,
1755192518.9654384,T1_image,cycle_411_1755192518965,640x480,
1755192518.9881241,T5_command,cycle_411_1755192518965,gripper_close,
1755192518.9947925,T1_image,cycle_412_1755192518994,640x480,
1755192518.997344,T6_feedback,cycle_412_1755192518994,success:True,
1755192519.0002975,T4a_wrist_tf,cycle_411_1755192518965,wrist,
1755192519.0101564,T5_command,cycle_412_1755192518994,arm_pose,
1755192519.0210948,T6_feedback,cycle_412_1755192518994,success:True,
1755192519.022681,T4a_wrist_tf,cycle_412_1755192518994,wrist,
1755192519.0304728,T1_image,cycle_413_1755192519030,640x480,
1755192519.0490623,T4a_wrist_tf,cycle_413_1755192519030,wrist,
1755192519.0611439,T1_image,cycle_414_1755192519061,640x480,
1755192519.0878446,T4a_wrist_tf,cycle_414_1755192519061,wrist,
1755192519.0947566,T1_image,cycle_415_1755192519094,640x480,
1755192519.1174777,T4a_wrist_tf,cycle_415_1755192519094,wrist,
1755192519.1279929,T1_image,cycle_416_1755192519127,640x480,
1755192519.1537373,T4a_wrist_tf,cycle_416_1755192519127,wrist,
1755192519.1635795,T1_image,cycle_417_1755192519163,640x480,
1755192519.1884916,T4a_wrist_tf,cycle_417_1755192519163,wrist,
1755192519.19465,T1_image,cycle_418_1755192519194,640x480,
1755192519.2219293,T4a_wrist_tf,cycle_418_1755192519194,wrist,
1755192519.2236204,T5_command,cycle_418_1755192519194,gripper_close,
1755192519.228298,T1_image,cycle_419_1755192519228,640x480,
1755192519.2329564,T6_feedback,cycle_419_1755192519228,success:True,
1755192519.2436469,T5_command,cycle_419_1755192519228,arm_pose,
1755192519.2536712,T6_feedback,cycle_419_1755192519228,success:True,
1755192519.2557368,T4a_wrist_tf,cycle_419_1755192519228,wrist,
1755192519.26192,T1_image,cycle_420_1755192519261,640x480,
1755192519.2840471,T4a_wrist_tf,cycle_420_1755192519261,wrist,
1755192519.2955465,T1_image,cycle_421_1755192519295,640x480,
1755192519.320242,T4a_wrist_tf,cycle_421_1755192519295,wrist,
1755192519.3278766,T1_image,cycle_422_1755192519327,640x480,
1755192519.3514078,T4a_wrist_tf,cycle_422_1755192519327,wrist,
1755192519.3646965,T1_image,cycle_423_1755192519364,640x480,
1755192519.3888924,T4a_wrist_tf,cycle_423_1755192519364,wrist,
1755192519.3948216,T1_image,cycle_424_1755192519394,640x480,
1755192519.4233766,T4a_wrist_tf,cycle_424_1755192519394,wrist,
1755192519.428183,T1_image,cycle_425_1755192519428,640x480,
1755192519.4535851,T4a_wrist_tf,cycle_425_1755192519428,wrist,
1755192519.4624357,T1_image,cycle_426_1755192519462,640x480,
1755192519.4656804,T5_command,cycle_426_1755192519462,gripper_close,
1755192519.483633,T6_feedback,cycle_426_1755192519462,success:True,
1755192519.489815,T4a_wrist_tf,cycle_426_1755192519462,wrist,
1755192519.491652,T5_command,cycle_426_1755192519462,arm_pose,
1755192519.4950917,T1_image,cycle_427_1755192519495,640x480,
1755192519.5032437,T6_feedback,cycle_427_1755192519495,success:True,
1755192519.5213852,T4a_wrist_tf,cycle_427_1755192519495,wrist,
1755192519.52908,T1_image,cycle_428_1755192519529,640x480,
1755192519.565036,T1_image,cycle_429_1755192519565,640x480,
1755192519.5663047,T4a_wrist_tf,cycle_428_1755192519529,wrist,
1755192519.5919752,T4a_wrist_tf,cycle_429_1755192519565,wrist,
1755192519.595099,T1_image,cycle_430_1755192519595,640x480,
1755192519.6228478,T4a_wrist_tf,cycle_430_1755192519595,wrist,
1755192519.6281204,T1_image,cycle_431_1755192519628,640x480,
1755192519.650939,T4a_wrist_tf,cycle_431_1755192519628,wrist,
1755192519.661356,T1_image,cycle_432_1755192519661,640x480,
1755192519.6807182,T4a_wrist_tf,cycle_432_1755192519661,wrist,
1755192519.6954002,T1_image,cycle_433_1755192519695,640x480,
1755192519.7329726,T1_image,cycle_434_1755192519732,640x480,
1755192519.73741,T5_command,cycle_434_1755192519732,gripper_close,
1755192519.7431433,T4a_wrist_tf,cycle_433_1755192519695,wrist,
1755192519.7489505,T6_feedback,cycle_434_1755192519732,success:True,
1755192519.7584808,T5_command,cycle_434_1755192519732,arm_pose,
1755192519.7606764,T4a_wrist_tf,cycle_434_1755192519732,wrist,
1755192519.7659633,T1_image,cycle_435_1755192519765,640x480,
1755192519.7746246,T6_feedback,cycle_435_1755192519765,success:True,
1755192519.7893708,T4a_wrist_tf,cycle_435_1755192519765,wrist,
1755192519.8001661,T1_image,cycle_436_1755192519800,640x480,
1755192519.818802,T4a_wrist_tf,cycle_436_1755192519800,wrist,
1755192519.8288066,T1_image,cycle_437_1755192519828,640x480,
1755192519.8509488,T4a_wrist_tf,cycle_437_1755192519828,wrist,
1755192519.8920422,T4a_wrist_tf,cycle_438_1755192519861,wrist,
1755192519.8920898,T1_image,cycle_438_1755192519861,640x480,
1755192519.89487,T1_image,cycle_439_1755192519894,640x480,
1755192519.9253185,T4a_wrist_tf,cycle_439_1755192519894,wrist,
1755192519.9290457,T1_image,cycle_440_1755192519929,640x480,
1755192519.9537745,T4a_wrist_tf,cycle_440_1755192519929,wrist,
1755192519.96218,T1_image,cycle_441_1755192519961,640x480,
1755192519.9811306,T4a_wrist_tf,cycle_441_1755192519961,wrist,
1755192519.996494,T1_image,cycle_442_1755192519996,640x480,
1755192520.0253222,T4a_wrist_tf,cycle_442_1755192519996,wrist,
1755192520.0323105,T1_image,cycle_443_1755192520032,640x480,
1755192520.0561137,T5_command,cycle_443_1755192520032,gripper_close,
1755192520.0630944,T1_image,cycle_444_1755192520063,640x480,
1755192520.067995,T6_feedback,cycle_444_1755192520063,success:True,
1755192520.0765522,T4a_wrist_tf,cycle_443_1755192520032,wrist,
1755192520.100582,T5_command,cycle_444_1755192520063,arm_pose,
1755192520.1026547,T1_image,cycle_445_1755192520102,640x480,
1755192520.110803,T6_feedback,cycle_445_1755192520102,success:True,
1755192520.1350136,T1_image,cycle_446_1755192520134,640x480,
1755192520.2186685,T1_image,cycle_447_1755192520218,640x480,
1755192520.2231402,T4a_wrist_tf,cycle_444_1755192520063,wrist,
1755192520.2480924,T1_image,cycle_448_1755192520248,640x480,
1755192520.2518845,T4a_wrist_tf,cycle_445_1755192520102,wrist,
1755192520.2679539,T1_image,cycle_449_1755192520267,640x480,
1755192520.276011,T1_image,cycle_450_1755192520275,640x480,
1755192520.2860866,T4a_wrist_tf,cycle_446_1755192520134,wrist,
1755192520.3013623,T1_image,cycle_451_1755192520301,640x480,
1755192520.310769,T4a_wrist_tf,cycle_447_1755192520218,wrist,
1755192520.3304663,T1_image,cycle_452_1755192520330,640x480,
1755192520.334492,T4a_wrist_tf,cycle_448_1755192520248,wrist,
1755192520.3569741,T4a_wrist_tf,cycle_449_1755192520267,wrist,
1755192520.3633022,T1_image,cycle_453_1755192520363,640x480,
1755192520.3783512,T4a_wrist_tf,cycle_450_1755192520275,wrist,
1755192520.3976648,T1_image,cycle_454_1755192520397,640x480,
1755192520.4049537,T4a_wrist_tf,cycle_451_1755192520301,wrist,
1755192520.422559,T4a_wrist_tf,cycle_452_1755192520330,wrist,
1755192520.4302378,T1_image,cycle_455_1755192520430,640x480,
1755192520.4310412,T5_command,cycle_455_1755192520430,gripper_close,
1755192520.4458554,T6_feedback,cycle_455_1755192520430,success:True,
1755192520.4571126,T5_command,cycle_455_1755192520430,arm_pose,
1755192520.4581544,T4a_wrist_tf,cycle_453_1755192520363,wrist,
1755192520.4627569,T1_image,cycle_456_1755192520462,640x480,
1755192520.464245,T6_feedback,cycle_456_1755192520462,success:True,
1755192520.484941,T4a_wrist_tf,cycle_454_1755192520397,wrist,
1755192520.4959555,T1_image,cycle_457_1755192520495,640x480,
1755192520.5059018,T4a_wrist_tf,cycle_455_1755192520430,wrist,
1755192520.5291288,T4a_wrist_tf,cycle_456_1755192520462,wrist,
1755192520.533436,T1_image,cycle_458_1755192520533,640x480,
1755192520.5524995,T4a_wrist_tf,cycle_457_1755192520495,wrist,
1755192520.5626376,T1_image,cycle_459_1755192520562,640x480,
1755192520.576294,T4a_wrist_tf,cycle_458_1755192520533,wrist,
1755192520.5958595,T1_image,cycle_460_1755192520595,640x480,
1755192520.6007369,T4a_wrist_tf,cycle_459_1755192520562,wrist,
1755192520.6278124,T4a_wrist_tf,cycle_460_1755192520595,wrist,
1755192520.630832,T1_image,cycle_461_1755192520630,640x480,
1755192520.6537628,T4a_wrist_tf,cycle_461_1755192520630,wrist,
1755192520.6660514,T1_image,cycle_462_1755192520666,640x480,
1755192520.687642,T4a_wrist_tf,cycle_462_1755192520666,wrist,
1755192520.6972435,T1_image,cycle_463_1755192520697,640x480,
1755192520.7249575,T5_command,cycle_463_1755192520697,gripper_close,
1755192520.734398,T4a_wrist_tf,cycle_463_1755192520697,wrist,
1755192520.7375517,T1_image,cycle_464_1755192520735,640x480,
1755192520.7399912,T6_feedback,cycle_464_1755192520735,success:True,
1755192520.747643,T5_command,cycle_464_1755192520735,arm_pose,
1755192520.7620447,T6_feedback,cycle_464_1755192520735,success:True,
1755192520.7664642,T1_image,cycle_465_1755192520766,640x480,
1755192520.7726645,T4a_wrist_tf,cycle_464_1755192520735,wrist,
1755192520.796385,T4a_wrist_tf,cycle_465_1755192520766,wrist,
1755192520.8057795,T1_image,cycle_466_1755192520802,640x480,
1755192520.8238788,T4a_wrist_tf,cycle_466_1755192520802,wrist,
1755192520.8302202,T1_image,cycle_467_1755192520830,640x480,
1755192520.8549848,T4a_wrist_tf,cycle_467_1755192520830,wrist,
1755192520.9280999,T1_image,cycle_468_1755192520866,640x480,
1755192520.9290075,T1_image,cycle_469_1755192520928,640x480,
1755192520.9325454,T4a_wrist_tf,cycle_468_1755192520866,wrist,
1755192520.934386,T1_image,cycle_470_1755192520934,640x480,
1755192520.9381707,T4a_wrist_tf,cycle_469_1755192520928,wrist,
1755192520.9645386,T1_image,cycle_471_1755192520964,640x480,
1755192520.9681394,T4a_wrist_tf,cycle_470_1755192520934,wrist,
1755192520.9888453,T4a_wrist_tf,cycle_471_1755192520964,wrist,
1755192520.9986231,T1_image,cycle_472_1755192520998,640x480,
1755192521.0165014,T5_command,cycle_472_1755192520998,gripper_close,
1755192521.0226936,T4a_wrist_tf,cycle_472_1755192520998,wrist,
1755192521.029652,T6_feedback,cycle_472_1755192520998,success:True,
1755192521.0306544,T1_image,cycle_473_1755192521030,640x480,
1755192521.0366979,T5_command,cycle_473_1755192521030,arm_pose,
1755192521.0487638,T6_feedback,cycle_473_1755192521030,success:True,
1755192521.059553,T4a_wrist_tf,cycle_473_1755192521030,wrist,
1755192521.064063,T1_image,cycle_474_1755192521064,640x480,
1755192521.0886397,T4a_wrist_tf,cycle_474_1755192521064,wrist,
1755192521.0971396,T1_image,cycle_475_1755192521097,640x480,
1755192521.1195312,T4a_wrist_tf,cycle_475_1755192521097,wrist,
1755192521.1307497,T1_image,cycle_476_1755192521130,640x480,
1755192521.1593292,T4a_wrist_tf,cycle_476_1755192521130,wrist,
1755192521.164304,T1_image,cycle_477_1755192521164,640x480,
1755192521.188839,T4a_wrist_tf,cycle_477_1755192521164,wrist,
1755192521.196838,T1_image,cycle_478_1755192521196,640x480,
1755192521.2226489,T4a_wrist_tf,cycle_478_1755192521196,wrist,
1755192521.2316015,T1_image,cycle_479_1755192521231,640x480,
1755192521.2608147,T4a_wrist_tf,cycle_479_1755192521231,wrist,
1755192521.2665756,T1_image,cycle_480_1755192521266,640x480,
1755192521.2814584,T5_command,cycle_480_1755192521266,gripper_close,
1755192521.2988284,T6_feedback,cycle_480_1755192521266,success:True,
1755192521.3025808,T1_image,cycle_481_1755192521300,640x480,
1755192521.3094876,T5_command,cycle_481_1755192521300,arm_pose,
1755192521.3167994,T6_feedback,cycle_481_1755192521300,success:True,
1755192521.318282,T4a_wrist_tf,cycle_480_1755192521266,wrist,
1755192521.3334854,T1_image,cycle_482_1755192521333,640x480,
1755192521.3493521,T4a_wrist_tf,cycle_481_1755192521300,wrist,
1755192521.3648548,T1_image,cycle_483_1755192521364,640x480,
1755192521.3774297,T4a_wrist_tf,cycle_482_1755192521333,wrist,
1755192521.3998356,T1_image,cycle_484_1755192521399,640x480,
1755192521.403802,T4a_wrist_tf,cycle_483_1755192521364,wrist,
1755192521.4352179,T1_image,cycle_485_1755192521435,640x480,
1755192521.4411476,T4a_wrist_tf,cycle_484_1755192521399,wrist,
1755192521.4638364,T4a_wrist_tf,cycle_485_1755192521435,wrist,
1755192521.4723501,T1_image,cycle_486_1755192521472,640x480,
1755192521.4911525,T5_command,cycle_486_1755192521472,gripper_close,
1755192521.504719,T1_image,cycle_487_1755192521504,640x480,
1755192521.5074677,T6_feedback,cycle_487_1755192521504,success:True,
1755192521.5128584,T4a_wrist_tf,cycle_486_1755192521472,wrist,
1755192521.5168414,T5_command,cycle_487_1755192521504,arm_pose,
1755192521.5276034,T6_feedback,cycle_487_1755192521504,success:True,
1755192521.5347588,T4a_wrist_tf,cycle_487_1755192521504,wrist,
1755192521.5376496,T1_image,cycle_488_1755192521537,640x480,
1755192521.5616858,T4a_wrist_tf,cycle_488_1755192521537,wrist,
1755192521.5640843,T1_image,cycle_489_1755192521564,640x480,
1755192521.5846064,T4a_wrist_tf,cycle_489_1755192521564,wrist,
1755192521.5997527,T1_image,cycle_490_1755192521599,640x480,
1755192521.6239345,T4a_wrist_tf,cycle_490_1755192521599,wrist,
1755192521.632009,T1_image,cycle_491_1755192521631,640x480,
1755192521.6567426,T4a_wrist_tf,cycle_491_1755192521631,wrist,
1755192521.66474,T1_image,cycle_492_1755192521664,640x480,
1755192521.6915717,T4a_wrist_tf,cycle_492_1755192521664,wrist,
1755192521.7020671,T1_image,cycle_493_1755192521702,640x480,
1755192521.7110484,T5_command,cycle_493_1755192521702,gripper_close,
1755192521.7310615,T6_feedback,cycle_493_1755192521702,success:True,
1755192521.7340698,T1_image,cycle_494_1755192521734,640x480,
1755192521.7391832,T5_command,cycle_494_1755192521734,arm_pose,
1755192521.749942,T6_feedback,cycle_494_1755192521734,success:True,
1755192521.7548473,T4a_wrist_tf,cycle_493_1755192521702,wrist,
1755192521.7675116,T1_image,cycle_495_1755192521767,640x480,
1755192521.7814033,T4a_wrist_tf,cycle_494_1755192521734,wrist,
1755192521.7994432,T1_image,cycle_496_1755192521799,640x480,
1755192521.8142185,T4a_wrist_tf,cycle_495_1755192521767,wrist,
1755192521.8337314,T1_image,cycle_497_1755192521833,640x480,
1755192521.8453052,T4a_wrist_tf,cycle_496_1755192521799,wrist,
1755192521.9064739,T1_image,cycle_498_1755192521868,640x480,
1755192521.9095895,T4a_wrist_tf,cycle_497_1755192521833,wrist,
1755192521.9096603,T1_image,cycle_499_1755192521908,640x480,
1755192521.92082,T4a_wrist_tf,cycle_498_1755192521868,wrist,
1755192521.9360294,T1_image,cycle_500_1755192521935,640x480,
1755192521.9454403,T5_command,cycle_500_1755192521935,gripper_close,
1755192521.9542098,T4a_wrist_tf,cycle_499_1755192521908,wrist,
1755192521.96242,T6_feedback,cycle_500_1755192521935,success:True,
1755192521.968105,T1_image,cycle_501_1755192521968,640x480,
1755192521.974154,T5_command,cycle_501_1755192521968,arm_pose,
1755192521.983568,T6_feedback,cycle_501_1755192521968,success:True,
1755192521.9876926,T4a_wrist_tf,cycle_500_1755192521935,wrist,
1755192521.9987214,T1_image,cycle_502_1755192521998,640x480,
1755192522.015938,T4a_wrist_tf,cycle_501_1755192521968,wrist,
1755192522.034685,T1_image,cycle_503_1755192522034,640x480,
1755192522.0392325,T4a_wrist_tf,cycle_502_1755192521998,wrist,
1755192522.065269,T4a_wrist_tf,cycle_503_1755192522034,wrist,
1755192522.067337,T1_image,cycle_504_1755192522067,640x480,
1755192522.0930681,T4a_wrist_tf,cycle_504_1755192522067,wrist,
1755192522.0990973,T1_image,cycle_505_1755192522099,640x480,
1755192522.1298625,T4a_wrist_tf,cycle_505_1755192522099,wrist,
1755192522.1323524,T1_image,cycle_506_1755192522132,640x480,
1755192522.164646,T4a_wrist_tf,cycle_506_1755192522132,wrist,
1755192522.1656847,T5_command,cycle_506_1755192522132,gripper_close,
1755192522.1678925,T1_image,cycle_507_1755192522167,640x480,
1755192522.1758103,T6_feedback,cycle_507_1755192522167,success:True,
1755192522.1869621,T5_command,cycle_507_1755192522167,arm_pose,
1755192522.1972299,T4a_wrist_tf,cycle_507_1755192522167,wrist,
1755192522.1996431,T1_image,cycle_508_1755192522199,640x480,
1755192522.2017894,T6_feedback,cycle_508_1755192522199,success:True,
1755192522.2301416,T4a_wrist_tf,cycle_508_1755192522199,wrist,
1755192522.2325225,T1_image,cycle_509_1755192522232,640x480,
1755192522.256658,T4a_wrist_tf,cycle_509_1755192522232,wrist,
1755192522.2663815,T1_image,cycle_510_1755192522266,640x480,
1755192522.295647,T4a_wrist_tf,cycle_510_1755192522266,wrist,
1755192522.3022847,T1_image,cycle_511_1755192522302,640x480,
1755192522.3273478,T4a_wrist_tf,cycle_511_1755192522302,wrist,
1755192522.3338597,T1_image,cycle_512_1755192522333,640x480,
1755192522.3543043,T5_command,cycle_512_1755192522333,gripper_close,
1755192522.35921,T4a_wrist_tf,cycle_512_1755192522333,wrist,
1755192522.3639348,T6_feedback,cycle_512_1755192522333,success:True,
1755192522.365538,T1_image,cycle_513_1755192522365,640x480,
1755192522.3820662,T5_command,cycle_513_1755192522365,arm_pose,
1755192522.3955183,T6_feedback,cycle_513_1755192522365,success:True,
1755192522.396573,T4a_wrist_tf,cycle_513_1755192522365,wrist,
1755192522.4012094,T1_image,cycle_514_1755192522401,640x480,
1755192522.427305,T4a_wrist_tf,cycle_514_1755192522401,wrist,
1755192522.438306,T1_image,cycle_515_1755192522438,640x480,
1755192522.4514835,T4a_wrist_tf,cycle_515_1755192522438,wrist,
1755192522.468794,T1_image,cycle_516_1755192522468,640x480,
1755192522.4944572,T4a_wrist_tf,cycle_516_1755192522468,wrist,
1755192522.4993813,T1_image,cycle_517_1755192522499,640x480,
1755192522.5271747,T4a_wrist_tf,cycle_517_1755192522499,wrist,
1755192522.5326302,T1_image,cycle_518_1755192522532,640x480,
1755192522.5616004,T4a_wrist_tf,cycle_518_1755192522532,wrist,
1755192522.5665507,T1_image,cycle_519_1755192522566,640x480,
1755192522.5774589,T5_command,cycle_519_1755192522566,gripper_close,
1755192522.5857272,T6_feedback,cycle_519_1755192522566,success:True,
1755192522.5977442,T5_command,cycle_519_1755192522566,arm_pose,
1755192522.602339,T4a_wrist_tf,cycle_519_1755192522566,wrist,
1755192522.6050406,T1_image,cycle_520_1755192522604,640x480,
1755192522.6089816,T6_feedback,cycle_520_1755192522604,success:True,
1755192522.628817,T4a_wrist_tf,cycle_520_1755192522604,wrist,
1755192522.633411,T1_image,cycle_521_1755192522633,640x480,
1755192522.6632226,T4a_wrist_tf,cycle_521_1755192522633,wrist,
1755192522.6704273,T1_image,cycle_522_1755192522670,640x480,
1755192522.6934614,T4a_wrist_tf,cycle_522_1755192522670,wrist,
1755192522.6998303,T1_image,cycle_523_1755192522699,640x480,
1755192522.7301116,T4a_wrist_tf,cycle_523_1755192522699,wrist,
1755192522.7344742,T1_image,cycle_524_1755192522734,640x480,
1755192522.7559118,T5_command,cycle_524_1755192522734,gripper_close,
1755192522.7638185,T6_feedback,cycle_524_1755192522734,success:True,
1755192522.7675235,T1_image,cycle_525_1755192522766,640x480,
1755192522.7710707,T4a_wrist_tf,cycle_524_1755192522734,wrist,
1755192522.7775958,T5_command,cycle_525_1755192522766,arm_pose,
1755192522.7855513,T6_feedback,cycle_525_1755192522766,success:True,
1755192522.8043284,T1_image,cycle_526_1755192522804,640x480,
1755192522.8100708,T4a_wrist_tf,cycle_525_1755192522766,wrist,
1755192522.8330991,T1_image,cycle_527_1755192522833,640x480,
1755192522.8356085,T4a_wrist_tf,cycle_526_1755192522804,wrist,
1755192522.8565664,T4a_wrist_tf,cycle_527_1755192522833,wrist,
1755192522.8843415,T1_image,cycle_528_1755192522868,640x480,
1755192522.9037845,T1_image,cycle_529_1755192522903,640x480,
1755192522.909825,T4a_wrist_tf,cycle_528_1755192522868,wrist,
1755192522.9335248,T4a_wrist_tf,cycle_529_1755192522903,wrist,
1755192522.93519,T1_image,cycle_530_1755192522935,640x480,
1755192522.9693809,T1_image,cycle_531_1755192522969,640x480,
1755192522.9730186,T4a_wrist_tf,cycle_530_1755192522935,wrist,
1755192522.999293,T5_command,cycle_531_1755192522969,gripper_close,
1755192523.0018384,T1_image,cycle_532_1755192523001,640x480,
1755192523.0082164,T4a_wrist_tf,cycle_531_1755192522969,wrist,
1755192523.009961,T6_feedback,cycle_532_1755192523001,success:True,
1755192523.019951,T5_command,cycle_532_1755192523001,arm_pose,
1755192523.0239887,T2_gesture,cycle_532_1755192523001,,
1755192523.0298533,T6_feedback,cycle_532_1755192523001,success:True,
1755192523.036107,T1_image,cycle_533_1755192523036,640x480,
1755192523.037184,T4a_wrist_tf,cycle_533_1755192523036,wrist,
1755192523.0668666,T1_image,cycle_534_1755192523066,640x480,
1755192523.0687468,T4a_wrist_tf,cycle_533_1755192523036,wrist,
1755192523.092899,T4a_wrist_tf,cycle_534_1755192523066,wrist,
1755192523.1018603,T1_image,cycle_535_1755192523101,640x480,
1755192523.1278162,T4a_wrist_tf,cycle_535_1755192523101,wrist,
1755192523.133566,T1_image,cycle_536_1755192523133,640x480,
1755192523.160648,T4a_wrist_tf,cycle_536_1755192523133,wrist,
1755192523.1755943,T1_image,cycle_537_1755192523175,640x480,
1755192523.196461,T5_command,cycle_537_1755192523175,gripper_open,
1755192523.2003412,T1_image,cycle_538_1755192523200,640x480,
1755192523.2026384,T4a_wrist_tf,cycle_537_1755192523175,wrist,
1755192523.21055,T6_feedback,cycle_538_1755192523200,success:True,
1755192523.2221153,T5_command,cycle_538_1755192523200,arm_pose,
1755192523.2388682,T1_image,cycle_539_1755192523238,640x480,
1755192523.2414336,T4a_wrist_tf,cycle_538_1755192523200,wrist,
1755192523.2589076,T4a_wrist_tf,cycle_539_1755192523238,wrist,
1755192523.2626548,T6_feedback,cycle_539_1755192523238,success:True,
1755192523.2670047,T1_image,cycle_540_1755192523266,640x480,
1755192523.2975228,T4a_wrist_tf,cycle_540_1755192523266,wrist,
1755192523.3017673,T1_image,cycle_541_1755192523301,640x480,
1755192523.3262165,T4a_wrist_tf,cycle_541_1755192523301,wrist,
1755192523.3326266,T1_image,cycle_542_1755192523332,640x480,
1755192523.3618035,T4a_wrist_tf,cycle_542_1755192523332,wrist,
1755192523.3663135,T1_image,cycle_543_1755192523366,640x480,
1755192523.3933697,T4a_wrist_tf,cycle_543_1755192523366,wrist,
1755192523.3993623,T1_image,cycle_544_1755192523399,640x480,
1755192523.427761,T5_command,cycle_544_1755192523399,gripper_open,
1755192523.4288151,T4a_wrist_tf,cycle_544_1755192523399,wrist,
1755192523.4340436,T1_image,cycle_545_1755192523434,640x480,
1755192523.4419162,T6_feedback,cycle_545_1755192523434,success:True,
1755192523.4492977,T5_command,cycle_545_1755192523434,arm_pose,
1755192523.4567783,T6_feedback,cycle_545_1755192523434,success:True,
1755192523.4656675,T4a_wrist_tf,cycle_545_1755192523434,wrist,
1755192523.4692469,T1_image,cycle_546_1755192523469,640x480,
1755192523.4941301,T4a_wrist_tf,cycle_546_1755192523469,wrist,
1755192523.5000386,T1_image,cycle_547_1755192523500,640x480,
1755192523.524836,T4a_wrist_tf,cycle_547_1755192523500,wrist,
1755192523.5490184,T1_image,cycle_548_1755192523548,640x480,
1755192523.566645,T1_image,cycle_549_1755192523566,640x480,
1755192523.578121,T4a_wrist_tf,cycle_548_1755192523548,wrist,
1755192523.5994723,T4a_wrist_tf,cycle_549_1755192523566,wrist,
1755192523.6004965,T1_image,cycle_550_1755192523600,640x480,
1755192523.6261435,T4a_wrist_tf,cycle_550_1755192523600,wrist,
1755192523.6349432,T1_image,cycle_551_1755192523634,640x480,
1755192523.6616492,T5_command,cycle_551_1755192523634,gripper_open,
1755192523.6657963,T4a_wrist_tf,cycle_551_1755192523634,wrist,
1755192523.66809,T1_image,cycle_552_1755192523668,640x480,
1755192523.671315,T6_feedback,cycle_552_1755192523668,success:True,
1755192523.6850214,T5_command,cycle_552_1755192523668,arm_pose,
1755192523.6925209,T6_feedback,cycle_552_1755192523668,success:True,
1755192523.697716,T4a_wrist_tf,cycle_552_1755192523668,wrist,
1755192523.7034192,T1_image,cycle_553_1755192523703,640x480,
1755192523.7284663,T4a_wrist_tf,cycle_553_1755192523703,wrist,
1755192523.7335544,T1_image,cycle_554_1755192523733,640x480,
1755192523.7605686,T4a_wrist_tf,cycle_554_1755192523733,wrist,
1755192523.7669113,T1_image,cycle_555_1755192523766,640x480,
1755192523.7948592,T4a_wrist_tf,cycle_555_1755192523766,wrist,
1755192523.8003757,T1_image,cycle_556_1755192523800,640x480,
1755192523.831708,T4a_wrist_tf,cycle_556_1755192523800,wrist,
1755192523.8335,T1_image,cycle_557_1755192523833,640x480,
1755192523.9012406,T4a_wrist_tf,cycle_557_1755192523833,wrist,
1755192523.9024718,T6_feedback,cycle_557_1755192523833,success:True,
1755192523.9025228,T1_image,cycle_558_1755192523870,640x480,
1755192523.9032745,T1_image,cycle_559_1755192523903,640x480,
1755192523.9034605,T5_command,cycle_557_1755192523833,gripper_open,
1755192523.9057515,T5_command,cycle_559_1755192523903,arm_pose,
1755192523.9201033,T6_feedback,cycle_559_1755192523903,success:True,
1755192523.9315274,T4a_wrist_tf,cycle_558_1755192523870,wrist,
1755192523.9373682,T1_image,cycle_560_1755192523937,640x480,
1755192523.956346,T4a_wrist_tf,cycle_559_1755192523903,wrist,
1755192523.9863408,T1_image,cycle_561_1755192523986,640x480,
1755192524.0161636,T4a_wrist_tf,cycle_560_1755192523937,wrist,
1755192524.022882,T1_image,cycle_562_1755192524022,640x480,
1755192524.0447922,T1_image,cycle_563_1755192524044,640x480,
1755192524.0595224,T4a_wrist_tf,cycle_561_1755192523986,wrist,
1755192524.0793717,T1_image,cycle_564_1755192524072,640x480,
1755192524.09899,T4a_wrist_tf,cycle_562_1755192524022,wrist,
1755192524.1004865,T5_command,cycle_564_1755192524072,gripper_open,
1755192524.1089494,T1_image,cycle_565_1755192524108,640x480,
1755192524.116866,T6_feedback,cycle_565_1755192524108,success:True,
1755192524.124831,T5_command,cycle_565_1755192524108,arm_pose,
1755192524.1317327,T4a_wrist_tf,cycle_563_1755192524044,wrist,
1755192524.1341698,T6_feedback,cycle_565_1755192524108,success:True,
1755192524.137106,T1_image,cycle_566_1755192524136,640x480,
1755192524.1545331,T4a_wrist_tf,cycle_564_1755192524072,wrist,
1755192524.1671736,T1_image,cycle_567_1755192524167,640x480,
1755192524.1810632,T4a_wrist_tf,cycle_565_1755192524108,wrist,
1755192524.1980295,T4a_wrist_tf,cycle_566_1755192524136,wrist,
1755192524.2005916,T1_image,cycle_568_1755192524200,640x480,
1755192524.2210205,T4a_wrist_tf,cycle_567_1755192524167,wrist,
1755192524.2347574,T1_image,cycle_569_1755192524234,640x480,
1755192524.2410076,T4a_wrist_tf,cycle_568_1755192524200,wrist,
1755192524.2588716,T4a_wrist_tf,cycle_569_1755192524234,wrist,
1755192524.2669268,T1_image,cycle_570_1755192524266,640x480,
1755192524.2904997,T4a_wrist_tf,cycle_570_1755192524266,wrist,
1755192524.3006387,T1_image,cycle_571_1755192524300,640x480,
1755192524.320451,T4a_wrist_tf,cycle_571_1755192524300,wrist,
1755192524.333854,T5_command,cycle_571_1755192524300,gripper_open,
1755192524.3383126,T1_image,cycle_572_1755192524338,640x480,
1755192524.3463547,T6_feedback,cycle_572_1755192524338,success:True,
1755192524.3640003,T5_command,cycle_572_1755192524338,arm_pose,
1755192524.3702247,T1_image,cycle_573_1755192524370,640x480,
1755192524.3720555,T6_feedback,cycle_573_1755192524370,success:True,
1755192524.3970377,T4a_wrist_tf,cycle_572_1755192524338,wrist,
1755192524.4031284,T1_image,cycle_574_1755192524403,640x480,
1755192524.4213202,T4a_wrist_tf,cycle_573_1755192524370,wrist,
1755192524.4348688,T1_image,cycle_575_1755192524434,640x480,
1755192524.4506702,T4a_wrist_tf,cycle_574_1755192524403,wrist,
1755192524.4683802,T1_image,cycle_576_1755192524468,640x480,
1755192524.4718604,T4a_wrist_tf,cycle_575_1755192524434,wrist,
1755192524.490858,T4a_wrist_tf,cycle_576_1755192524468,wrist,
1755192524.5009887,T1_image,cycle_577_1755192524500,640x480,
1755192524.5271814,T4a_wrist_tf,cycle_577_1755192524500,wrist,
1755192524.536536,T1_image,cycle_578_1755192524536,640x480,
1755192524.5616794,T4a_wrist_tf,cycle_578_1755192524536,wrist,
1755192524.5695567,T1_image,cycle_579_1755192524569,640x480,
1755192524.6081119,T1_image,cycle_580_1755192524608,640x480,
1755192524.6088727,T4a_wrist_tf,cycle_579_1755192524569,wrist,
1755192524.61654,T5_command,cycle_580_1755192524608,gripper_open,
1755192524.6286073,T6_feedback,cycle_580_1755192524608,success:True,
1755192524.6360497,T1_image,cycle_581_1755192524636,640x480,
1755192524.6380944,T5_command,cycle_581_1755192524636,arm_pose,
1755192524.641485,T4a_wrist_tf,cycle_580_1755192524608,wrist,
1755192524.653642,T6_feedback,cycle_581_1755192524636,success:True,
1755192524.6660597,T4a_wrist_tf,cycle_581_1755192524636,wrist,
1755192524.6765468,T1_image,cycle_582_1755192524676,640x480,
1755192524.6890109,T4a_wrist_tf,cycle_582_1755192524676,wrist,
1755192524.7022393,T1_image,cycle_583_1755192524702,640x480,
1755192524.7246919,T4a_wrist_tf,cycle_583_1755192524702,wrist,
1755192524.7348652,T1_image,cycle_584_1755192524734,640x480,
1755192524.7630296,T4a_wrist_tf,cycle_584_1755192524734,wrist,
1755192524.7730527,T1_image,cycle_585_1755192524773,640x480,
1755192524.7914474,T4a_wrist_tf,cycle_585_1755192524773,wrist,
1755192524.801042,T1_image,cycle_586_1755192524801,640x480,
1755192524.8218105,T4a_wrist_tf,cycle_586_1755192524801,wrist,
1755192524.8374367,T1_image,cycle_587_1755192524837,640x480,
1755192524.8497753,T5_command,cycle_587_1755192524837,gripper_open,
1755192524.9397662,T6_feedback,cycle_587_1755192524837,success:True,
1755192524.9408677,T4a_wrist_tf,cycle_587_1755192524837,wrist,
1755192524.9415834,T4a_wrist_tf,cycle_587_1755192524837,wrist,
1755192524.9475157,T6_feedback,cycle_587_1755192524837,success:True,
1755192524.9481378,T5_command,cycle_587_1755192524837,arm_pose,
1755192524.9493268,T1_image,cycle_588_1755192524871,640x480,
1755192524.952443,T1_image,cycle_589_1755192524952,640x480,
1755192524.9535048,T1_image,cycle_590_1755192524953,640x480,
1755192524.969028,T1_image,cycle_591_1755192524968,640x480,
1755192524.9879458,T4a_wrist_tf,cycle_589_1755192524952,wrist,
1755192525.0027342,T1_image,cycle_592_1755192525002,640x480,
1755192525.0179703,T4a_wrist_tf,cycle_590_1755192524953,wrist,
1755192525.0373328,T1_image,cycle_593_1755192525037,640x480,
1755192525.0539355,T4a_wrist_tf,cycle_591_1755192524968,wrist,
1755192525.0740285,T1_image,cycle_594_1755192525073,640x480,
1755192525.0871296,T4a_wrist_tf,cycle_592_1755192525002,wrist,
1755192525.102514,T1_image,cycle_595_1755192525102,640x480,
1755192525.1199474,T5_command,cycle_595_1755192525102,gripper_open,
1755192525.1234715,T4a_wrist_tf,cycle_593_1755192525037,wrist,
1755192525.1255896,T6_feedback,cycle_595_1755192525102,success:True,
1755192525.132092,T5_command,cycle_595_1755192525102,arm_pose,
1755192525.1388698,T1_image,cycle_596_1755192525138,640x480,
1755192525.1441932,T6_feedback,cycle_596_1755192525138,success:True,
1755192525.1540182,T4a_wrist_tf,cycle_594_1755192525073,wrist,
1755192525.1681526,T1_image,cycle_597_1755192525168,640x480,
1755192525.1761332,T4a_wrist_tf,cycle_595_1755192525102,wrist,
1755192525.195338,T4a_wrist_tf,cycle_596_1755192525138,wrist,
1755192525.202387,T1_image,cycle_598_1755192525202,640x480,
1755192525.220348,T4a_wrist_tf,cycle_597_1755192525168,wrist,
1755192525.2352097,T1_image,cycle_599_1755192525235,640x480,
1755192525.2423837,T4a_wrist_tf,cycle_598_1755192525202,wrist,
1755192525.2613003,T4a_wrist_tf,cycle_599_1755192525235,wrist,
1755192525.26906,T1_image,cycle_600_1755192525269,640x480,
1755192525.2945812,T4a_wrist_tf,cycle_600_1755192525269,wrist,
1755192525.3031507,T1_image,cycle_601_1755192525303,640x480,
1755192525.3118017,T5_command,cycle_601_1755192525303,gripper_open,
1755192525.3331046,T5_command,cycle_601_1755192525303,arm_pose,
1755192525.3346784,T6_feedback,cycle_601_1755192525303,success:True,
1755192525.3417873,T1_image,cycle_602_1755192525341,640x480,
1755192525.3464987,T4a_wrist_tf,cycle_601_1755192525303,wrist,
1755192525.3485963,T6_feedback,cycle_602_1755192525341,success:True,
1755192525.3688743,T1_image,cycle_603_1755192525368,640x480,
1755192525.3771505,T4a_wrist_tf,cycle_602_1755192525341,wrist,
1755192525.3998992,T4a_wrist_tf,cycle_603_1755192525368,wrist,
1755192525.402115,T1_image,cycle_604_1755192525402,640x480,
1755192525.4272082,T4a_wrist_tf,cycle_604_1755192525402,wrist,
1755192525.4357715,T1_image,cycle_605_1755192525435,640x480,
1755192525.456384,T4a_wrist_tf,cycle_605_1755192525435,wrist,
1755192525.4706578,T1_image,cycle_606_1755192525469,640x480,
1755192525.4915946,T4a_wrist_tf,cycle_606_1755192525469,wrist,
1755192525.5032382,T1_image,cycle_607_1755192525503,640x480,
1755192525.5287929,T4a_wrist_tf,cycle_607_1755192525503,wrist,
1755192525.5398498,T1_image,cycle_608_1755192525539,640x480,
1755192525.5523245,T5_command,cycle_608_1755192525539,gripper_open,
1755192525.5642965,T6_feedback,cycle_608_1755192525539,success:True,
1755192525.57096,T1_image,cycle_609_1755192525570,640x480,
1755192525.57607,T5_command,cycle_609_1755192525570,arm_pose,
1755192525.5788877,T4a_wrist_tf,cycle_608_1755192525539,wrist,
1755192525.585911,T6_feedback,cycle_609_1755192525570,success:True,
1755192525.6031933,T1_image,cycle_610_1755192525603,640x480,
1755192525.6095684,T4a_wrist_tf,cycle_609_1755192525570,wrist,
1755192525.6330738,T4a_wrist_tf,cycle_610_1755192525603,wrist,
1755192525.637737,T1_image,cycle_611_1755192525637,640x480,
1755192525.664633,T4a_wrist_tf,cycle_611_1755192525637,wrist,
1755192525.6694024,T1_image,cycle_612_1755192525669,640x480,
1755192525.6962748,T4a_wrist_tf,cycle_612_1755192525669,wrist,
1755192525.7035494,T1_image,cycle_613_1755192525703,640x480,
1755192525.7261753,T4a_wrist_tf,cycle_613_1755192525703,wrist,
1755192525.7366107,T1_image,cycle_614_1755192525736,640x480,
1755192525.7613528,T4a_wrist_tf,cycle_614_1755192525736,wrist,
1755192525.7690394,T1_image,cycle_615_1755192525769,640x480,
1755192525.7966125,T5_command,cycle_615_1755192525769,gripper_open,
1755192525.7986448,T4a_wrist_tf,cycle_615_1755192525769,wrist,
1755192525.8037834,T1_image,cycle_616_1755192525803,640x480,
1755192525.8066225,T6_feedback,cycle_616_1755192525803,success:True,
1755192525.820898,T5_command,cycle_616_1755192525803,arm_pose,
1755192525.828248,T6_feedback,cycle_616_1755192525803,success:True,
1755192525.835846,T4a_wrist_tf,cycle_616_1755192525803,wrist,
1755192525.8390656,T1_image,cycle_617_1755192525839,640x480,
1755192525.930503,T4a_wrist_tf,cycle_617_1755192525839,wrist,
1755192525.930985,T4a_wrist_tf,cycle_617_1755192525839,wrist,
1755192525.9310186,T1_image,cycle_618_1755192525871,640x480,
1755192525.931977,T1_image,cycle_619_1755192525931,640x480,
1755192525.9330783,T4a_wrist_tf,cycle_619_1755192525931,wrist,
1755192525.9356182,T1_image,cycle_620_1755192525935,640x480,
1755192525.9645972,T4a_wrist_tf,cycle_620_1755192525935,wrist,
1755192525.9698803,T1_image,cycle_621_1755192525969,640x480,
1755192525.997186,T4a_wrist_tf,cycle_621_1755192525969,wrist,
1755192526.0030704,T1_image,cycle_622_1755192526003,640x480,
1755192526.0411234,T4a_wrist_tf,cycle_622_1755192526003,wrist,
1755192526.0439603,T1_image,cycle_623_1755192526043,640x480,
1755192526.0673933,T5_command,cycle_623_1755192526043,gripper_open,
1755192526.069116,T1_image,cycle_624_1755192526069,640x480,
1755192526.0818975,T6_feedback,cycle_624_1755192526069,success:True,
1755192526.0838099,T4a_wrist_tf,cycle_623_1755192526043,wrist,
1755192526.0949993,T5_command,cycle_624_1755192526069,arm_pose,
1755192526.103916,T1_image,cycle_625_1755192526103,640x480,
1755192526.1099727,T6_feedback,cycle_625_1755192526103,success:True,
1755192526.112576,T4a_wrist_tf,cycle_624_1755192526069,wrist,
1755192526.1350741,T4a_wrist_tf,cycle_625_1755192526103,wrist,
1755192526.136339,T1_image,cycle_626_1755192526136,640x480,
1755192526.1646686,T4a_wrist_tf,cycle_626_1755192526136,wrist,
1755192526.1697009,T1_image,cycle_627_1755192526169,640x480,
1755192526.1896448,T4a_wrist_tf,cycle_627_1755192526169,wrist,
1755192526.203375,T1_image,cycle_628_1755192526203,640x480,
1755192526.2267659,T4a_wrist_tf,cycle_628_1755192526203,wrist,
1755192526.2366095,T1_image,cycle_629_1755192526236,640x480,
1755192526.2648098,T4a_wrist_tf,cycle_629_1755192526236,wrist,
1755192526.2714102,T5_command,cycle_629_1755192526236,gripper_open,
1755192526.2752814,T1_image,cycle_630_1755192526275,640x480,
1755192526.2821789,T6_feedback,cycle_630_1755192526275,success:True,
1755192526.2920797,T5_command,cycle_630_1755192526275,arm_pose,
1755192526.3016212,T6_feedback,cycle_630_1755192526275,success:True,
1755192526.3032246,T4a_wrist_tf,cycle_630_1755192526275,wrist,
1755192526.3049045,T1_image,cycle_631_1755192526304,640x480,
1755192526.338995,T4a_wrist_tf,cycle_631_1755192526304,wrist,
1755192526.341408,T1_image,cycle_632_1755192526341,640x480,
1755192526.3634436,T4a_wrist_tf,cycle_632_1755192526341,wrist,
1755192526.3700395,T1_image,cycle_633_1755192526370,640x480,
1755192526.3947868,T4a_wrist_tf,cycle_633_1755192526370,wrist,
1755192526.4028165,T1_image,cycle_634_1755192526402,640x480,
1755192526.4282122,T4a_wrist_tf,cycle_634_1755192526402,wrist,
1755192526.4381127,T1_image,cycle_635_1755192526438,640x480,
1755192526.4638815,T5_command,cycle_635_1755192526438,gripper_open,
1755192526.4691238,T4a_wrist_tf,cycle_635_1755192526438,wrist,
1755192526.4699993,T1_image,cycle_636_1755192526469,640x480,
1755192526.4993,T4a_wrist_tf,cycle_636_1755192526469,wrist,
1755192526.5007558,T6_feedback,cycle_636_1755192526469,success:True,
1755192526.5056999,T1_image,cycle_637_1755192526505,640x480,
1755192526.5203724,T5_command,cycle_637_1755192526505,arm_pose,
1755192526.526524,T6_feedback,cycle_637_1755192526505,success:True,
1755192526.5361197,T4a_wrist_tf,cycle_637_1755192526505,wrist,
1755192526.5377433,T1_image,cycle_638_1755192526537,640x480,
1755192526.5649745,T4a_wrist_tf,cycle_638_1755192526537,wrist,
1755192526.5700495,T1_image,cycle_639_1755192526570,640x480,
1755192526.6080198,T1_image,cycle_640_1755192526607,640x480,
1755192526.6132927,T4a_wrist_tf,cycle_639_1755192526570,wrist,
1755192526.6351717,T4a_wrist_tf,cycle_640_1755192526607,wrist,
1755192526.6382139,T1_image,cycle_641_1755192526638,640x480,
1755192526.6656084,T4a_wrist_tf,cycle_641_1755192526638,wrist,
1755192526.6712182,T1_image,cycle_642_1755192526671,640x480,
1755192526.6953967,T4a_wrist_tf,cycle_642_1755192526671,wrist,
1755192526.7036953,T1_image,cycle_643_1755192526703,640x480,
1755192526.7420235,T1_image,cycle_644_1755192526741,640x480,
1755192526.747882,T4a_wrist_tf,cycle_643_1755192526703,wrist,
1755192526.7479627,T5_command,cycle_644_1755192526741,gripper_open,
1755192526.7524605,T6_feedback,cycle_644_1755192526741,success:True,
1755192526.7601318,T5_command,cycle_644_1755192526741,arm_pose,
1755192526.7679832,T4a_wrist_tf,cycle_644_1755192526741,wrist,
1755192526.7686746,T6_feedback,cycle_644_1755192526741,success:True,
1755192526.7700386,T1_image,cycle_645_1755192526770,640x480,
1755192526.7971969,T4a_wrist_tf,cycle_645_1755192526770,wrist,
1755192526.8038378,T1_image,cycle_646_1755192526803,640x480,
1755192526.8351123,T4a_wrist_tf,cycle_646_1755192526803,wrist,
1755192526.8375418,T1_image,cycle_647_1755192526837,640x480,
1755192526.8933747,T4a_wrist_tf,cycle_647_1755192526837,wrist,
1755192526.893541,T1_image,cycle_648_1755192526869,640x480,
1755192526.9046419,T1_image,cycle_649_1755192526904,640x480,
1755192526.9073048,T4a_wrist_tf,cycle_648_1755192526869,wrist,
1755192526.93785,T4a_wrist_tf,cycle_649_1755192526904,wrist,
1755192526.9410062,T1_image,cycle_650_1755192526940,640x480,
1755192526.9742117,T1_image,cycle_651_1755192526974,640x480,
1755192526.9785218,T4a_wrist_tf,cycle_650_1755192526940,wrist,
1755192526.9796107,T5_command,cycle_651_1755192526974,gripper_open,
1755192526.9905195,T6_feedback,cycle_651_1755192526974,success:True,
1755192527.0021987,T5_command,cycle_651_1755192526974,arm_pose,
1755192527.0043035,T1_image,cycle_652_1755192527004,640x480,
1755192527.0058196,T4a_wrist_tf,cycle_651_1755192526974,wrist,
1755192527.017456,T6_feedback,cycle_652_1755192527004,success:True,
1755192527.0369408,T4a_wrist_tf,cycle_652_1755192527004,wrist,
1755192527.039046,T1_image,cycle_653_1755192527039,640x480,
1755192527.0649931,T4a_wrist_tf,cycle_653_1755192527039,wrist,
1755192527.0723064,T1_image,cycle_654_1755192527072,640x480,
1755192527.0955465,T4a_wrist_tf,cycle_654_1755192527072,wrist,
1755192527.1061513,T1_image,cycle_655_1755192527106,640x480,
1755192527.1362987,T4a_wrist_tf,cycle_655_1755192527106,wrist,
1755192527.1373184,T1_image,cycle_656_1755192527137,640x480,
1755192527.1632276,T4a_wrist_tf,cycle_656_1755192527137,wrist,
1755192527.1723955,T1_image,cycle_657_1755192527172,640x480,
1755192527.2001393,T4a_wrist_tf,cycle_657_1755192527172,wrist,
1755192527.2007513,T5_command,cycle_657_1755192527172,gripper_open,
1755192527.2052405,T1_image,cycle_658_1755192527205,640x480,
1755192527.2218018,T6_feedback,cycle_658_1755192527205,success:True,
1755192527.2250977,T4a_wrist_tf,cycle_658_1755192527205,wrist,
1755192527.2307103,T5_command,cycle_658_1755192527205,arm_pose,
1755192527.2377436,T1_image,cycle_659_1755192527237,640x480,
1755192527.2475119,T6_feedback,cycle_659_1755192527237,success:True,
1755192527.2620904,T4a_wrist_tf,cycle_659_1755192527237,wrist,
1755192527.2711263,T1_image,cycle_660_1755192527271,640x480,
1755192527.290624,T4a_wrist_tf,cycle_660_1755192527271,wrist,
1755192527.3047922,T1_image,cycle_661_1755192527304,640x480,
1755192527.3243034,T4a_wrist_tf,cycle_661_1755192527304,wrist,
1755192527.3391802,T1_image,cycle_662_1755192527339,640x480,
1755192527.3660965,T4a_wrist_tf,cycle_662_1755192527339,wrist,
1755192527.371582,T1_image,cycle_663_1755192527371,640x480,
1755192527.3974323,T4a_wrist_tf,cycle_663_1755192527371,wrist,
1755192527.4080987,T1_image,cycle_664_1755192527408,640x480,
1755192527.4293888,T4a_wrist_tf,cycle_664_1755192527408,wrist,
1755192527.4378345,T1_image,cycle_665_1755192527437,640x480,
1755192527.4651093,T4a_wrist_tf,cycle_665_1755192527437,wrist,
1755192527.4666765,T5_command,cycle_665_1755192527437,gripper_open,
1755192527.4720306,T1_image,cycle_666_1755192527472,640x480,
1755192527.4825234,T6_feedback,cycle_666_1755192527472,success:True,
1755192527.4894998,T5_command,cycle_666_1755192527472,arm_pose,
1755192527.4976125,T4a_wrist_tf,cycle_666_1755192527472,wrist,
1755192527.4986594,T6_feedback,cycle_666_1755192527472,success:True,
1755192527.5047128,T1_image,cycle_667_1755192527504,640x480,
1755192527.5292382,T4a_wrist_tf,cycle_667_1755192527504,wrist,
1755192527.5423067,T1_image,cycle_668_1755192527542,640x480,
1755192527.5727718,T4a_wrist_tf,cycle_668_1755192527542,wrist,
1755192527.5746968,T1_image,cycle_669_1755192527574,640x480,
1755192527.6056776,T1_image,cycle_670_1755192527605,640x480,
1755192527.6123486,T4a_wrist_tf,cycle_669_1755192527574,wrist,
1755192527.6335514,T4a_wrist_tf,cycle_670_1755192527605,wrist,
1755192527.638659,T1_image,cycle_671_1755192527638,640x480,
1755192527.6589851,T4a_wrist_tf,cycle_671_1755192527638,wrist,
1755192527.6721256,T1_image,cycle_672_1755192527672,640x480,
1755192527.693085,T4a_wrist_tf,cycle_672_1755192527672,wrist,
1755192527.7061775,T1_image,cycle_673_1755192527706,640x480,
1755192527.7370121,T4a_wrist_tf,cycle_673_1755192527706,wrist,
1755192527.748157,T1_image,cycle_674_1755192527748,640x480,
1755192527.760079,T5_command,cycle_674_1755192527748,gripper_open,
1755192527.7699075,T6_feedback,cycle_674_1755192527748,success:True,
1755192527.7781909,T1_image,cycle_675_1755192527778,640x480,
1755192527.7838957,T5_command,cycle_675_1755192527778,arm_pose,
1755192527.7926943,T6_feedback,cycle_675_1755192527778,success:True,
1755192527.7939491,T4a_wrist_tf,cycle_674_1755192527748,wrist,
1755192527.8068557,T1_image,cycle_676_1755192527806,640x480,
1755192527.8178682,T4a_wrist_tf,cycle_675_1755192527778,wrist,
1755192527.840162,T4a_wrist_tf,cycle_676_1755192527806,wrist,
1755192527.8440666,T1_image,cycle_677_1755192527844,640x480,
1755192527.9685895,T1_image,cycle_678_1755192527885,640x480,
